상품명,브랜드/판매자,가격,배송정보,평점정보,성분정보,링크,이미지URL,텍스트
마이베프 많이담은 건조간식 닭가슴살 300g,마이베프,"14,900원",대통령배송,"4.8
(104)",,https://dogpre.com/product/94039,https://img.funnc.com/mobile/dogpre/product/95/94039_list_L1_01487444.png,"마이베프
마이베프 많이담은 건조간식 닭가슴살 300g
14,900원
대통령배송
4.8
(104)"
츄통령 바삭츄 미니트릿 동결건조 닭가슴살 50g,츄통령,"9,000원",대통령배송,"5
(11)",,https://dogpre.com/product/104938?bundleOptionId=265795,https://img.funnc.com/mobile/dogpre/product/105/104938_list_L1_01821448.png,"츄통령
츄통령 바삭츄 미니트릿 동결건조 닭가슴살 50g
9,000원
5개 구매 시 개당 8,500원
대통령배송
5
(11)"
[버라이어티팩] 츄통령 바삭츄 동결건조 미니트릿 3종 세트,츄통령,"28,900원",대통령배송,"4.6
(8)",,https://dogpre.com/product/105043,https://img.funnc.com/mobile/dogpre/product/106/105043_list_L1_01743746.png,"츄통령
[버라이어티팩] 츄통령 바삭츄 동결건조 미니트릿 3종 세트
28,900원
대통령배송
4.6
(8)"
츄통령 바삭츄 미니트릿 동결건조 북어 40g,츄통령,"9,800원",대통령배송,"5
(9)",,https://dogpre.com/product/104940?bundleOptionId=265801,https://img.funnc.com/mobile/dogpre/product/105/104940_list_L1_01817669.png,"츄통령
츄통령 바삭츄 미니트릿 동결건조 북어 40g
9,800원
5개 구매 시 개당 9,300원
대통령배송
5
(9)"
츄통령 바삭츄 미니트릿 동결건조 순살연어 45g,츄통령,"12,000원",대통령배송,"4.7
(7)",,https://dogpre.com/product/104939?bundleOptionId=265798,https://img.funnc.com/mobile/dogpre/product/105/104939_list_L1_01753831.png,"츄통령
츄통령 바삭츄 미니트릿 동결건조 순살연어 45g
16,000원
20% 12,000원
5개 구매 시 개당 11,400원
대통령배송
4.7
(7)"
츄통령 바삭츄 동결건조 열빙어 65g,츄통령,"13,000원",대통령배송,"4.9
(834)",,https://dogpre.com/product/82075,https://img.funnc.com/mobile/dogpre/product/83/82075_list_L1_01924139.png,"츄통령
츄통령 바삭츄 동결건조 열빙어 65g
13,000원
대통령배송
4.9
(834)"
츄통령 바삭츄 동결건조 닭가슴살 대용량 100g,츄통령,"15,000원",대통령배송,"4.9
(2,264)",,https://dogpre.com/product/89795?bundleOptionId=201538,https://img.funnc.com/mobile/dogpre/product/90/89795_list_L1_01586375.png,"츄통령
츄통령 바삭츄 동결건조 닭가슴살 대용량 100g
15,000원
5개 구매 시 개당 14,200원
대통령배송
4.9
(2,264)"
츄통령 바삭츄 동결건조 순살연어 대용량 85g,츄통령,"18,000원",대통령배송,"4.9
(2,264)",,https://dogpre.com/product/89794?bundleOptionId=201574,https://img.funnc.com/mobile/dogpre/product/90/89794_list_L1_01642253.png,"츄통령
츄통령 바삭츄 동결건조 순살연어 대용량 85g
18,000원
5개 구매 시 개당 17,200원
대통령배송
4.9
(2,264)"
[베스트팩] 츄통령 바삭츄 동결건조 대용량 2종 콤보,츄통령,"24,900원",대통령배송,"5
(45)",,https://dogpre.com/product/100338,https://img.funnc.com/mobile/dogpre/product/101/100338_list_L1_01859786.png,"츄통령
[베스트팩] 츄통령 바삭츄 동결건조 대용량 2종 콤보
24,900원
대통령배송
5
(45)"
츄통령 바삭츄 동결건조 산양유치즈 23g,츄통령,"3,900원",대통령배송,"4.8
(2,364)",,https://dogpre.com/product/82078?bundleOptionId=255801,https://img.funnc.com/mobile/dogpre/product/83/82078_list_L1_01337219.png,"츄통령
츄통령 바삭츄 동결건조 산양유치즈 23g
3,900원
6개 구매 시 개당 1,790원
대통령배송
4.8
(2,364)"
츄통령 바삭츄 동결건조 북어 대용량 75g,츄통령,"13,000원",대통령배송,"4.9
(2,264)",,https://dogpre.com/product/89793?bundleOptionId=201577,https://img.funnc.com/mobile/dogpre/product/90/89793_list_L1_01915043.png,"츄통령
츄통령 바삭츄 동결건조 북어 대용량 75g
13,000원
5개 구매 시 개당 12,300원
대통령배송
4.9
(2,264)"
츄통령 바삭츄 동결건조 노른자 90g,츄통령,"9,000원",대통령배송,"4.9
(2,264)",,https://dogpre.com/product/98153?bundleOptionId=,https://img.funnc.com/mobile/dogpre/product/99/98153_list_L1_01414091.png,"츄통령
츄통령 바삭츄 동결건조 노른자 90g
9,000원
대통령배송
4.9
(2,264)"
츄통령 바삭츄 미니트릿 동결건조 북어 40g 5묶음,츄통령,"46,500원",대통령배송,"5
(9)",,https://dogpre.com/product/104940?bundleOptionId=265803,https://img.funnc.com/mobile/dogpre/product/106/105405_list_L1_5217.png,"츄통령
츄통령 바삭츄 미니트릿 동결건조 북어 40g 5묶음
46,500원
대통령배송
5
(9)"
츄통령 바삭츄 미니트릿 동결건조 북어 40g 2묶음,츄통령,"19,000원",대통령배송,"5
(9)",,https://dogpre.com/product/104940?bundleOptionId=265802,https://img.funnc.com/mobile/dogpre/product/106/105404_list_L1_9074.png,"츄통령
츄통령 바삭츄 미니트릿 동결건조 북어 40g 2묶음
19,000원
대통령배송
5
(9)"
츄통령 바삭츄 미니트릿 동결건조 순살연어 45g 5묶음,츄통령,"57,000원",대통령배송,"4.7
(7)",,https://dogpre.com/product/104939?bundleOptionId=265800,https://img.funnc.com/mobile/dogpre/product/106/105403_list_L1_8938.png,"츄통령
츄통령 바삭츄 미니트릿 동결건조 순살연어 45g 5묶음
57,000원
대통령배송
4.7
(7)"
츄통령 바삭츄 미니트릿 동결건조 순살연어 45g 2묶음,츄통령,"23,400원",대통령배송,"4.7
(7)",,https://dogpre.com/product/104939?bundleOptionId=265799,https://img.funnc.com/mobile/dogpre/product/106/105402_list_L1_0393.png,"츄통령
츄통령 바삭츄 미니트릿 동결건조 순살연어 45g 2묶음
23,400원
대통령배송
4.7
(7)"
츄통령 바삭츄 미니트릿 동결건조 닭가슴살 50g 5묶음,츄통령,"42,500원",대통령배송,"5
(11)",,https://dogpre.com/product/104938?bundleOptionId=265797,https://img.funnc.com/mobile/dogpre/product/106/105401_list_L1_4955.png,"츄통령
츄통령 바삭츄 미니트릿 동결건조 닭가슴살 50g 5묶음
42,500원
대통령배송
5
(11)"
츄통령 바삭츄 미니트릿 동결건조 닭가슴살 50g 2묶음,츄통령,"17,400원",대통령배송,"5
(11)",,https://dogpre.com/product/104938?bundleOptionId=265796,https://img.funnc.com/mobile/dogpre/product/106/105400_list_L1_8557.png,"츄통령
츄통령 바삭츄 미니트릿 동결건조 닭가슴살 50g 2묶음
17,400원
대통령배송
5
(11)"
허글 에프디바이츠 동결건조간식 보틀 바나나 85g,허글,"8,900원",무료배송,"5
(1)",,https://dogpre.com/product/105295,https://img.funnc.com/mobile/dogpre/product/106/105295_list_L1_01713082.jpg,"허글
허글 에프디바이츠 동결건조간식 보틀 바나나 85g
8,900원
무료배송
5
(1)"
허글 에프디바이츠 동결건조간식 보틀 참치 110g,허글,"8,900원",무료배송,"5
(1)",,https://dogpre.com/product/105292,https://img.funnc.com/mobile/dogpre/product/106/105292_list_L1_01810357.jpg,"허글
허글 에프디바이츠 동결건조간식 보틀 참치 110g
8,900원
무료배송
5
(1)"
허글 에프디바이츠 동결건조간식 대용량 대구 180g,허글,"14,900원",무료배송,"5
(1)",,https://dogpre.com/product/105187,https://img.funnc.com/mobile/dogpre/product/106/105187_list_L1_01005294.jpg,"허글
허글 에프디바이츠 동결건조간식 대용량 대구 180g
14,900원
무료배송
5
(1)"
허글 에프디바이츠 동결건조간식 대용량 북어 100g,허글,"14,900원",무료배송,"5
(1)",,https://dogpre.com/product/105186,https://img.funnc.com/mobile/dogpre/product/106/105186_list_L1_01052645.jpg,"허글
허글 에프디바이츠 동결건조간식 대용량 북어 100g
14,900원
무료배송
5
(1)"
허글 에프디바이츠 동결건조간식 대용량 닭고기 240g,허글,"14,900원",무료배송,"5
(1)",,https://dogpre.com/product/105046,https://img.funnc.com/mobile/dogpre/product/106/105046_list_L1_01813931.jpg,"허글
허글 에프디바이츠 동결건조간식 대용량 닭고기 240g
14,900원
무료배송
5
(1)"
[버라이어티팩] 츄통령 바삭츄 동결건조 대용량 3종 세트,츄통령,"44,500원",대통령배송,"5
(1)",,https://dogpre.com/product/105045,https://img.funnc.com/mobile/dogpre/product/106/105045_list_L1_01688123.png,"츄통령
[버라이어티팩] 츄통령 바삭츄 동결건조 대용량 3종 세트
44,500원
대통령배송
5
(1)"
츄통령 바삭츄 동결건조 순살연어 대용량 85g 5묶음,츄통령,"86,000원",대통령배송,"4.8
(2,443)",,https://dogpre.com/product/89794?bundleOptionId=263463,https://img.funnc.com/mobile/dogpre/product/106/105010_list_L1_6401.png,"츄통령
츄통령 바삭츄 동결건조 순살연어 대용량 85g 5묶음
86,000원
대통령배송
4.8
(2,443)"
츄통령 바삭츄 동결건조 순살연어 대용량 85g 2묶음,츄통령,"35,000원",대통령배송,"4.8
(2,443)",,https://dogpre.com/product/89794?bundleOptionId=263462,https://img.funnc.com/mobile/dogpre/product/106/105009_list_L1_1017.png,"츄통령
츄통령 바삭츄 동결건조 순살연어 대용량 85g 2묶음
35,000원
대통령배송
4.8
(2,443)"
츄통령 바삭츄 동결건조 산양유치즈 23g 6묶음,츄통령,"10,740원",대통령배송,"4.8
(2,364)",,https://dogpre.com/product/82078?bundleOptionId=255803,https://img.funnc.com/mobile/dogpre/product/105/104221_list_L1_2812.png,"츄통령
츄통령 바삭츄 동결건조 산양유치즈 23g 6묶음
33,000원
10% 10,740원
대통령배송
4.8
(2,364)"
츄통령 바삭츄 동결건조 산양유치즈 23g 3묶음,츄통령,"5,500원",대통령배송,"4.8
(2,364)",,https://dogpre.com/product/82078?bundleOptionId=255802,https://img.funnc.com/mobile/dogpre/product/105/104220_list_L1_9630.png,"츄통령
츄통령 바삭츄 동결건조 산양유치즈 23g 3묶음
16,500원
10% 5,500원
대통령배송
4.8
(2,364)"
굿데이 조이펫 동결건조 오리큐브 미니 200g,굿데이,"14,500원",대통령배송,"5
(1)",,https://dogpre.com/product/102421,https://img.funnc.com/mobile/dogpre/product/103/102421_list_L1_01578750.png,"굿데이
굿데이 조이펫 동결건조 오리큐브 미니 200g
14,500원
대통령배송
5
(1)"
굿데이 조이펫 동결건조 치킨큐브 미니 200g,굿데이,"14,000원",대통령배송,"4.7
(3)",,https://dogpre.com/product/102420,https://img.funnc.com/mobile/dogpre/product/103/102420_list_L1_01307971.png,"굿데이
굿데이 조이펫 동결건조 치킨큐브 미니 200g
14,000원
대통령배송
4.7
(3)"
네츄럴코어 건조 닭모래집 120g 3묶음,네츄럴코어,"19,800원",대통령배송,"4.8
(32)",,https://dogpre.com/product/101212?bundleOptionId=221304,https://img.funnc.com/mobile/dogpre/product/102/101494_list_L1_9833.png,"네츄럴코어
네츄럴코어 건조 닭모래집 120g 3묶음
19,800원
대통령배송
4.8
(32)"
도기쉐프 동결건조 트릿 치킨 125g,도기쉐프,"10,900원",대통령배송,"5
(8)",,https://dogpre.com/product/101458,https://img.funnc.com/mobile/dogpre/product/102/101458_list_L1_01637609.png,"도기쉐프
도기쉐프 동결건조 트릿 치킨 125g
강대할인가 18,000원
39% 10,900원
대통령배송
5
(8)"
네츄럴코어 건조 닭모래집 120g,네츄럴코어,"8,000원",대통령배송,"4.8
(32)",,https://dogpre.com/product/101212?bundleOptionId=221303,https://img.funnc.com/mobile/dogpre/product/102/101212_list_L1_01456773.png,"네츄럴코어
네츄럴코어 건조 닭모래집 120g
8,000원
3개 구매 시 개당 6,600원
대통령배송
4.8
(32)"
츄통령 바삭츄 동결건조 북어 대용량 75g 5묶음,츄통령,"61,500원",대통령배송,"4.9
(2,264)",,https://dogpre.com/product/89793?bundleOptionId=201579,https://img.funnc.com/mobile/dogpre/product/100/99259_list_L1_1735.png,"츄통령
츄통령 바삭츄 동결건조 북어 대용량 75g 5묶음
61,500원
대통령배송
4.9
(2,264)"
츄통령 바삭츄 동결건조 북어 대용량 75g 2묶음,츄통령,"25,200원",대통령배송,"4.9
(2,264)",,https://dogpre.com/product/89793?bundleOptionId=201578,https://img.funnc.com/mobile/dogpre/product/100/99258_list_L1_0559.png,"츄통령
츄통령 바삭츄 동결건조 북어 대용량 75g 2묶음
25,200원
대통령배송
4.9
(2,264)"
츄통령 바삭츄 동결건조 닭가슴살 대용량 100g 5묶음,츄통령,"71,000원",대통령배송,"4.9
(2,264)",,https://dogpre.com/product/89795?bundleOptionId=201540,https://img.funnc.com/mobile/dogpre/product/100/99255_list_L1_3931.png,"츄통령
츄통령 바삭츄 동결건조 닭가슴살 대용량 100g 5묶음
71,000원
대통령배송
4.9
(2,264)"
츄통령 바삭츄 동결건조 닭가슴살 대용량 100g 2묶음,츄통령,"29,000원",대통령배송,"4.9
(2,264)",,https://dogpre.com/product/89795?bundleOptionId=201539,https://img.funnc.com/mobile/dogpre/product/100/99254_list_L1_9708.png,"츄통령
츄통령 바삭츄 동결건조 닭가슴살 대용량 100g 2묶음
29,000원
대통령배송
4.9
(2,264)"
굿데이 건강한육포 건조 닭가슴살 육포 300g,굿데이,"12,500원",대통령배송,"4.8
(190)",,https://dogpre.com/product/99098,https://img.funnc.com/mobile/dogpre/product/100/99098_list_L1_01408971.png,"굿데이
굿데이 건강한육포 건조 닭가슴살 육포 300g
12,500원
대통령배송
4.8
(190)"
굿데이 건강한육포 건조 닭가슴살 슬라이스 100g,굿데이,"3,900원",대통령배송,"4.7
(262)",,https://dogpre.com/product/99076,https://img.funnc.com/mobile/dogpre/product/100/99076_list_L1_01483490.png,"굿데이
굿데이 건강한육포 건조 닭가슴살 슬라이스 100g
3,900원
대통령배송
4.7
(262)"
굿데이 건강한육포 건조 닭가슴살 육포 100g,굿데이,"3,900원",대통령배송,"4.8
(190)",,https://dogpre.com/product/99072,https://img.funnc.com/mobile/dogpre/product/100/99072_list_L1_01852408.png,"굿데이
굿데이 건강한육포 건조 닭가슴살 육포 100g
3,900원
대통령배송
4.8
(190)"
오래오래프로젝트 깨끗한 육포 동결건조 닭가슴살 210g,오래오래 프로젝트,"31,900원",무료배송,"4.7
(9)",,https://dogpre.com/product/96713,https://img.funnc.com/mobile/dogpre/product/97/96713_list_L1_01137975.png,"오래오래 프로젝트
오래오래프로젝트 깨끗한 육포 동결건조 닭가슴살 210g
51,900원
13% 31,900원
무료배송
4.7
(9)"
마이베프 많이담은 건조간식 오리목뼈 300g,마이베프,"10,900원",대통령배송,"4.8
(83)",,https://dogpre.com/product/94037,https://img.funnc.com/mobile/dogpre/product/95/94037_list_L1_01830312.png,"마이베프
마이베프 많이담은 건조간식 오리목뼈 300g
10,900원
대통령배송
4.8
(83)"
하림펫푸드 더리얼 동결건조 닭가슴살 트릿 40g,하림펫푸드,"8,000원",대통령배송,"5
(68)",,https://dogpre.com/product/82962,https://img.funnc.com/mobile/dogpre/product/83/82962_list_L1_01467745.jpg,"하림펫푸드
하림펫푸드 더리얼 동결건조 닭가슴살 트릿 40g
8,000원
대통령배송
5
(68)"
하림펫푸드 더리얼 동결건조 닭간 트릿 45g,하림펫푸드,"7,200원",대통령배송,"4.7
(58)",,https://dogpre.com/product/82961,https://img.funnc.com/mobile/dogpre/product/83/82961_list_L1_01995089.jpg,"하림펫푸드
하림펫푸드 더리얼 동결건조 닭간 트릿 45g
7,200원
대통령배송
4.7
(58)"
워프 동결건조 야생 염소고기 50g,워프,"13,000원",대통령배송,"4.6
(37)",,https://dogpre.com/product/57543,https://img.funnc.com/mobile/dogpre/product/58/57543_list_L1_01228519.png,"품절
워프
워프 동결건조 야생 염소고기 50g
13,000원
대통령배송
4.6
(37)"
팩앤프라이드 동결건조 오리가슴살 99g,팩앤프라이드,"7,900원",대통령배송,"4.8
(1,044)",,https://dogpre.com/product/55266,https://img.funnc.com/mobile/dogpre/product/56/55266_list_L1_01587744.png,"품절
팩앤프라이드
팩앤프라이드 동결건조 오리가슴살 99g
7,900원
대통령배송
4.8
(1,044)"
네츄럴랩 수제간식 저온건조 닭목뼈 250g,네츄럴랩,"9,900원",대통령배송,"4.5
(8)",,https://dogpre.com/product/99125,https://img.funnc.com/mobile/dogpre/product/100/99125_list_L1_01549647.png,"품절
네츄럴랩
네츄럴랩 수제간식 저온건조 닭목뼈 250g
9,900원
대통령배송
4.5
(8)"
마이베프 많이담은 건조간식 돼지귀 슬라이스 300g,마이베프,"10,900원",대통령배송,"4.7
(58)",,https://dogpre.com/product/94038,https://img.funnc.com/mobile/dogpre/product/95/94038_list_L1_01478865.png,"품절
마이베프
마이베프 많이담은 건조간식 돼지귀 슬라이스 300g
10,900원
대통령배송
4.7
(58)"
마이베프 많이담은 건조간식 닭모래집 300g,마이베프,"18,900원",대통령배송,"4.8
(17)",,https://dogpre.com/product/94036,https://img.funnc.com/mobile/dogpre/product/95/94036_list_L1_01184038.png,"품절
마이베프
마이베프 많이담은 건조간식 닭모래집 300g
18,900원
대통령배송
4.8
(17)"
팩앤프라이드 동결건조 치킨너겟 99g,팩앤프라이드,"8,500원",대통령배송,"4.8
(68)",,https://dogpre.com/product/67975,https://img.funnc.com/mobile/dogpre/product/68/67975_list_L1_01534711.png,"품절
팩앤프라이드
팩앤프라이드 동결건조 치킨너겟 99g
8,500원
대통령배송
4.8
(68)"
팩앤프라이드 동결건조 치킨&대구 트위스트 85g,팩앤프라이드,"7,000원",대통령배송,"4.7
(380)",,https://dogpre.com/product/55254,https://img.funnc.com/mobile/dogpre/product/56/55254_list_L1_01817436.png,"품절
팩앤프라이드
팩앤프라이드 동결건조 치킨&대구 트위스트 85g
7,000원
대통령배송
4.7
(380)"
팩앤프라이드 동결건조 치킨&대구 스시롤 142g,팩앤프라이드,"7,000원",대통령배송,"4.6
(275)",,https://dogpre.com/product/55251,https://img.funnc.com/mobile/dogpre/product/56/55251_list_L1_01889691.png,"품절
팩앤프라이드
팩앤프라이드 동결건조 치킨&대구 스시롤 142g
7,000원
대통령배송
4.6
(275)"
