상품명,브랜드/판매자,가격,배송정보,평점정보,성분정보,링크,이미지URL,텍스트
앉아바 덴탈껌 눈 20개입,앉아바,"9,900원",대통령배송,"5
(4)",,https://dogpre.com/product/105606,https://img.funnc.com/mobile/dogpre/product/106/105606_list_L1_01892230.jpg,"앉아바
앉아바 덴탈껌 눈 20개입
9,900원
대통령배송
5
(4)"
양치하개 덴탈케어 M 14개입,양치하개,"8,400원",대통령배송,"4.6
(31)",,https://dogpre.com/product/81503,https://img.funnc.com/mobile/dogpre/product/82/81503_list_L1_01191510.png,"양치하개
양치하개 덴탈케어 M 14개입
8,400원
대통령배송
4.6
(31)"
엘리야 덴탈링 100g,엘리야,"7,500원",대통령배송,"4.4
(59)",,https://dogpre.com/product/88641,https://img.funnc.com/mobile/dogpre/product/89/88641_list_L1_07385400.png,"엘리야
엘리야 덴탈링 100g
14,500원
20% 7,500원
대통령배송
4.4
(59)"
파머스러브펫 덴탈 캐롯츄 12개입,파머스러브펫,"9,900원",대통령배송,"4.9
(81)",,https://dogpre.com/product/104219,https://img.funnc.com/mobile/dogpre/product/105/104219_list_L1_01425845.png,"파머스러브펫
파머스러브펫 덴탈 캐롯츄 12개입
9,900원
대통령배송
4.9
(81)"
잘먹잘싸 황금 덴탈껌 300g 2묶음,잘먹잘싸,"27,540원",무료배송,"4.9
(89)",,https://dogpre.com/product/97538,https://img.funnc.com/mobile/dogpre/product/98/97538_list_L1_01554899.png,"잘먹잘싸
잘먹잘싸 황금 덴탈껌 300g 2묶음
39,700원
22% 27,540원
무료배송
4.9
(89)"
츄통령 덴탈츄 오리지널 30개입 450g,츄통령,"18,900원",대통령배송,"4.9
(120)",,https://dogpre.com/product/104418,https://img.funnc.com/mobile/dogpre/product/105/104418_list_L1_01799242.png,"츄통령
츄통령 덴탈츄 오리지널 30개입 450g
18,900원
대통령배송
4.9
(120)"
덴탈헬스 민트향 60g,덴탈헬스,"1,700원",대통령배송,"4.6
(17,103)",,https://dogpre.com/product/16116?bundleOptionId=157698,https://img.funnc.com/mobile/dogpre/product/17/16116_list_L1_0615.png,"덴탈헬스
덴탈헬스 민트향 60g
1,700원
10개 구매 시 개당 1,540원
대통령배송
4.6
(17,103)"
카누들 플러스 덴탈껌 S 소형견용 100개입,카누들,"36,000원",대통령배송,"4.9
(11,555)",,https://dogpre.com/product/84362,https://img.funnc.com/mobile/dogpre/product/85/84362_list_L1_01313449.png,"카누들
카누들 플러스 덴탈껌 S 소형견용 100개입
36,000원
대통령배송
4.9
(11,555)"
카리에스 덴탈껌 6개입,카리에스,"1,950원",대통령배송,"4.6
(57,603)",,https://dogpre.com/product/3510?bundleOptionId=157949,https://img.funnc.com/mobile/dogpre/product/4/3510_list_L1_5623.png,"카리에스
카리에스 덴탈껌 6개입
1,950원
10개 구매 시 개당 1,780원
대통령배송
4.6
(57,603)"
츄통령 덴탈츄 블루베리 30개입 450g,츄통령,"18,900원",대통령배송,"4.8
(1,852)",,https://dogpre.com/product/102223,https://img.funnc.com/mobile/dogpre/product/103/102223_list_L1_06247524.png,"츄통령
츄통령 덴탈츄 블루베리 30개입 450g
18,900원
대통령배송
4.8
(1,852)"
펫매트릭스 스마트본 덴탈 미니 8개입,펫매트릭스,"5,200원",대통령배송,"4.8
(46)",,https://dogpre.com/product/106600,https://img.funnc.com/mobile/dogpre/product/107/106600_list_L1_01498449.jpg,"펫매트릭스
펫매트릭스 스마트본 덴탈 미니 8개입
5,200원
대통령배송
4.8
(46)"
허글 덴탈사각츄 피모&장건강 15개입,허글,"13,900원",무료배송,"5
(1)",,https://dogpre.com/product/105324,https://img.funnc.com/mobile/dogpre/product/106/105324_list_L1_01052550.jpg,"허글
허글 덴탈사각츄 피모&장건강 15개입
13,900원
무료배송
5
(1)"
한입뚝딱 덴탈츄 실꼬리돔과 코코넛 330g,펫토리아,"9,900원",무료배송,"5
(1)",,https://dogpre.com/product/104570,https://img.funnc.com/mobile/dogpre/product/105/104570_list_L1_01965110.jpg,"펫토리아
한입뚝딱 덴탈츄 실꼬리돔과 코코넛 330g
9,900원
무료배송
5
(1)"
쏨달펫 찹찹 덴탈껌 장&유산균 30개입,쏨달펫,"12,900원",무료배송,"4.9
(37)",,https://dogpre.com/product/104202,https://img.funnc.com/mobile/dogpre/product/105/104202_list_L1_02335358.png,"쏨달펫
쏨달펫 찹찹 덴탈껌 장&유산균 30개입
15,900원
10% 12,900원
무료배송
4.9
(37)"
쏨달펫 찹찹 덴탈껌 눈&피부 30개입,쏨달펫,"12,900원",무료배송,"4.9
(37)",,https://dogpre.com/product/104201,https://img.funnc.com/mobile/dogpre/product/105/104201_list_L1_02695331.png,"쏨달펫
쏨달펫 찹찹 덴탈껌 눈&피부 30개입
15,900원
10% 12,900원
무료배송
4.9
(37)"
쏨달펫 찹찹 덴탈껌 관절&뼈 30개입,쏨달펫,"12,900원",무료배송,"4.9
(37)",,https://dogpre.com/product/104199,https://img.funnc.com/mobile/dogpre/product/105/104199_list_L1_02354907.png,"쏨달펫
쏨달펫 찹찹 덴탈껌 관절&뼈 30개입
15,900원
10% 12,900원
무료배송
4.9
(37)"
하림펫푸드 밥이보약 덴탈플러스 건강츄 관절 84g,하림펫푸드,"13,000원",대통령배송,"5
(1)",,https://dogpre.com/product/104048,https://img.funnc.com/mobile/dogpre/product/105/104048_list_L1_01292329.png,"하림펫푸드
하림펫푸드 밥이보약 덴탈플러스 건강츄 관절 84g
13,000원
대통령배송
5
(1)"
하림펫푸드 밥이보약 덴탈플러스 건강츄 장 84g,하림펫푸드,"13,000원",대통령배송,"5
(3)",,https://dogpre.com/product/104047,https://img.funnc.com/mobile/dogpre/product/105/104047_list_L1_01869015.png,"하림펫푸드
하림펫푸드 밥이보약 덴탈플러스 건강츄 장 84g
13,000원
대통령배송
5
(3)"
하림펫푸드 밥이보약 덴탈플러스 건강츄 면역 84g,하림펫푸드,"13,000원",대통령배송,"5
(2)",,https://dogpre.com/product/104046,https://img.funnc.com/mobile/dogpre/product/105/104046_list_L1_01886522.png,"하림펫푸드
하림펫푸드 밥이보약 덴탈플러스 건강츄 면역 84g
13,000원
대통령배송
5
(2)"
카누들 플러스 덴탈껌 XL 대형견용 20개입,카누들,"36,000원",대통령배송,"4.9
(297)",,https://dogpre.com/product/103224,https://img.funnc.com/mobile/dogpre/product/104/103224_list_L1_01391066.png,"카누들
카누들 플러스 덴탈껌 XL 대형견용 20개입
36,000원
대통령배송
4.9
(297)"
카누들 플러스 덴탈껌 L 중대형견용 32개입,카누들,"36,000원",대통령배송,"4.9
(687)",,https://dogpre.com/product/103223,https://img.funnc.com/mobile/dogpre/product/104/103223_list_L1_01798908.png,"카누들
카누들 플러스 덴탈껌 L 중대형견용 32개입
36,000원
대통령배송
4.9
(687)"
카누들 플러스 덴탈껌 M 중소형견용 53개입,카누들,"36,000원",대통령배송,"4.9
(1,698)",,https://dogpre.com/product/103222,https://img.funnc.com/mobile/dogpre/product/104/103222_list_L1_01768608.png,"카누들
카누들 플러스 덴탈껌 M 중소형견용 53개입
36,000원
대통령배송
4.9
(1,698)"
프레시탭 잘했어 유산균이 들어간 츄러스 덴탈껌 바나나 13개입 3묶음,프레시탭,"12,000원",무료배송,"5
(2)",,https://dogpre.com/product/103202,https://img.funnc.com/mobile/dogpre/product/104/103202_list_L1_01127452.png,"프레시탭
프레시탭 잘했어 유산균이 들어간 츄러스 덴탈껌 바나나 13개입 3묶음
12,000원
무료배송
5
(2)"
네츄럴코어 덴탈 프루츠빈 바나나 50g,네츄럴코어,"3,600원",대통령배송,"4.7
(21)",,https://dogpre.com/product/102041,https://img.funnc.com/mobile/dogpre/product/103/102041_list_L1_01323385.png,"네츄럴코어
네츄럴코어 덴탈 프루츠빈 바나나 50g
3,600원
대통령배송
4.7
(21)"
네츄럴코어 덴탈 프루츠빈 블루베리 50g,네츄럴코어,"3,600원",대통령배송,"4.6
(33)",,https://dogpre.com/product/102040,https://img.funnc.com/mobile/dogpre/product/103/102040_list_L1_01415359.png,"네츄럴코어
네츄럴코어 덴탈 프루츠빈 블루베리 50g
3,600원
대통령배송
4.6
(33)"
네츄럴코어 덴탈 프루츠빈 바나나&블루베리 50g,네츄럴코어,"3,600원",대통령배송,"4.5
(94)",,https://dogpre.com/product/101529,https://img.funnc.com/mobile/dogpre/product/102/101529_list_L1_01025583.png,"네츄럴코어
네츄럴코어 덴탈 프루츠빈 바나나&블루베리 50g
3,600원
대통령배송
4.5
(94)"
잘먹잘싸 황금 덴탈껌 300g,잘먹잘싸,"15,300원",무료배송,"4.9
(89)",,https://dogpre.com/product/97537,https://img.funnc.com/mobile/dogpre/product/98/97537_list_L1_01614511.png,"잘먹잘싸
잘먹잘싸 황금 덴탈껌 300g
19,800원
4% 15,300원
무료배송
4.9
(89)"
카누들 플러스 덴탈껌 S 소형견용 60개입,카누들,"23,000원",대통령배송,"4.8
(11,576)",,https://dogpre.com/product/95566,https://img.funnc.com/mobile/dogpre/product/96/95566_list_L1_01423718.png,"사은품증정
카누들
카누들 플러스 덴탈껌 S 소형견용 60개입
강대할인가 27,000원
15% 23,000원
대통령배송
4.8
(11,576)"
카누들 플러스 덴탈껌 S 소형견용 벚꽃에디션 100개입,카누들,"36,000원",대통령배송,"4.9
(11,555)",,https://dogpre.com/product/93438,https://img.funnc.com/mobile/dogpre/product/94/93438_list_L1_01185462.png,"카누들
카누들 플러스 덴탈껌 S 소형견용 벚꽃에디션 100개입
36,000원
대통령배송
4.9
(11,555)"
카누들 잇몸플러스 덴탈껌 XL 대형견용 20개입,카누들,"38,000원",대통령배송,"4.9
(10)",,https://dogpre.com/product/93169,https://img.funnc.com/mobile/dogpre/product/94/93169_list_L1_01209299.png,"카누들
카누들 잇몸플러스 덴탈껌 XL 대형견용 20개입
38,000원
대통령배송
4.9
(10)"
카누들 잇몸플러스 덴탈껌 L 중대형견용 32개입,카누들,"38,000원",대통령배송,"4.9
(46)",,https://dogpre.com/product/93168,https://img.funnc.com/mobile/dogpre/product/94/93168_list_L1_01072704.png,"카누들
카누들 잇몸플러스 덴탈껌 L 중대형견용 32개입
38,000원
대통령배송
4.9
(46)"
카누들 잇몸플러스 덴탈껌 S 소형견용 100개입,카누들,"38,000원",대통령배송,"4.9
(126)",,https://dogpre.com/product/93166,https://img.funnc.com/mobile/dogpre/product/94/93166_list_L1_01840315.png,"카누들
카누들 잇몸플러스 덴탈껌 S 소형견용 100개입
38,000원
대통령배송
4.9
(126)"
덴탈헬스 치즈향 60g 10묶음,덴탈헬스,"15,400원",대통령배송,"4.7
(9,695)",,https://dogpre.com/product/16115?bundleOptionId=158198,https://img.funnc.com/mobile/dogpre/product/92/91822_list_L1_5788.png,"덴탈헬스
덴탈헬스 치즈향 60g 10묶음
15,400원
대통령배송
4.7
(9,695)"
카리에스 덴탈껌 6개입 10묶음,카리에스,"17,800원",대통령배송,"4.6
(57,603)",,https://dogpre.com/product/3510?bundleOptionId=157677,https://img.funnc.com/mobile/dogpre/product/92/91667_list_L1_3933.png,"카리에스
카리에스 덴탈껌 6개입 10묶음
17,800원
대통령배송
4.6
(57,603)"
덴탈헬스 민트향 60g 10묶음,덴탈헬스,"15,400원",대통령배송,"4.6
(17,103)",,https://dogpre.com/product/16116?bundleOptionId=157672,https://img.funnc.com/mobile/dogpre/product/92/91660_list_L1_4445.png,"덴탈헬스
덴탈헬스 민트향 60g 10묶음
15,400원
대통령배송
4.6
(17,103)"
앉아바 덴탈껌 피모 20개입,앉아바,"9,900원",대통령배송,"4.8
(51)",,https://dogpre.com/product/86800,https://img.funnc.com/mobile/dogpre/product/87/86800_list_L1_01682392.png,"앉아바
앉아바 덴탈껌 피모 20개입
9,900원
대통령배송
4.8
(51)"
앉아바 덴탈껌 위장 20개입,앉아바,"9,900원",대통령배송,"4.8
(50)",,https://dogpre.com/product/86788,https://img.funnc.com/mobile/dogpre/product/87/86788_list_L1_01588343.png,"앉아바
앉아바 덴탈껌 위장 20개입
9,900원
대통령배송
4.8
(50)"
앉아바 덴탈껌 관절 20개입,앉아바,"9,900원",대통령배송,"4.9
(106)",,https://dogpre.com/product/86787,https://img.funnc.com/mobile/dogpre/product/87/86787_list_L1_01717700.png,"앉아바
앉아바 덴탈껌 관절 20개입
9,900원
대통령배송
4.9
(106)"
카누들 플러스 덴탈껌 L 중대형견용 170g,카누들,"10,500원",대통령배송,"4.7
(209)",,https://dogpre.com/product/84361,https://img.funnc.com/mobile/dogpre/product/85/84361_list_L1_01088833.png,"카누들
카누들 플러스 덴탈껌 L 중대형견용 170g
10,500원
대통령배송
4.7
(209)"
카누들 플러스 덴탈껌 M 중소형견용 170g,카누들,"10,500원",대통령배송,"4.7
(730)",,https://dogpre.com/product/84360,https://img.funnc.com/mobile/dogpre/product/85/84360_list_L1_01451560.png,"카누들
카누들 플러스 덴탈껌 M 중소형견용 170g
10,500원
대통령배송
4.7
(730)"
카누들 플러스 덴탈껌 S 소형견용 170g,카누들,"10,500원",대통령배송,"4.7
(2,786)",,https://dogpre.com/product/84359,https://img.funnc.com/mobile/dogpre/product/85/84359_list_L1_01964373.png,"카누들
카누들 플러스 덴탈껌 S 소형견용 170g
10,500원
대통령배송
4.7
(2,786)"
포켄스 과일먹은 치즈덴탈껌 사과 100g,포켄스,"3,200원",대통령배송,"4.6
(239)",,https://dogpre.com/product/45650,https://img.funnc.com/mobile/dogpre/product/46/45650_list_L1_01277721.png,"포켄스
포켄스 과일먹은 치즈덴탈껌 사과 100g
3,200원
대통령배송
4.6
(239)"
포켄스 과일먹은 치즈덴탈껌 바나나 100g,포켄스,"3,200원",대통령배송,"4.4
(187)",,https://dogpre.com/product/45647,https://img.funnc.com/mobile/dogpre/product/46/45647_list_L1_01788699.png,"포켄스
포켄스 과일먹은 치즈덴탈껌 바나나 100g
3,200원
대통령배송
4.4
(187)"
포켄스 과일먹은 치즈덴탈껌 딸기 100g,포켄스,"3,200원",대통령배송,"4.4
(192)",,https://dogpre.com/product/45644,https://img.funnc.com/mobile/dogpre/product/46/45644_list_L1_03848518.png,"포켄스
포켄스 과일먹은 치즈덴탈껌 딸기 100g
3,200원
대통령배송
4.4
(192)"
펫매트릭스 스마트본 덴탈 미니 16개입,펫매트릭스,"8,000원",대통령배송,"4.7
(698)",,https://dogpre.com/product/20048,https://img.funnc.com/mobile/dogpre/product/21/20048_list_L1_01780494.png,"펫매트릭스
펫매트릭스 스마트본 덴탈 미니 16개입
8,000원
대통령배송
4.7
(698)"
덴탈헬스 치즈향 60g,덴탈헬스,"1,700원",대통령배송,"4.7
(9,695)",,https://dogpre.com/product/16115?bundleOptionId=158197,https://img.funnc.com/mobile/dogpre/product/17/16115_list_L1_2870.png,"덴탈헬스
덴탈헬스 치즈향 60g
1,700원
10개 구매 시 개당 1,540원
대통령배송
4.7
(9,695)"
더독 덴탈콘껌 300g,더독,"9,500원",대통령배송,"4.7
(1,964)",,https://dogpre.com/product/13217,https://img.funnc.com/mobile/dogpre/product/14/13217_list_L1_01541264.png,"더독
더독 덴탈콘껌 300g
9,500원
대통령배송
4.7
(1,964)"
무마진 소프트 덴탈껌 클로렐라 30개입,무마진,"12,000원",대통령배송,"4.8
(98)",,https://dogpre.com/product/81980,https://img.funnc.com/mobile/dogpre/product/82/81980_list_L1_01314372.jpg,"품절
무마진
무마진 소프트 덴탈껌 클로렐라 30개입
12,000원
대통령배송
4.8
(98)"
더독 모닝키세스 덴탈껌 자몽 50개입,더독,"23,900원",무료배송,"4.9
(15)",,https://dogpre.com/product/98381,https://img.funnc.com/mobile/dogpre/product/99/98381_list_L1_01899131.png,"품절
더독
더독 모닝키세스 덴탈껌 자몽 50개입
23,900원
무료배송
4.9
(15)"
더독 모닝키세스 덴탈껌 청포도 50개입,더독,"23,900원",무료배송,"5
(21)",,https://dogpre.com/product/98380,https://img.funnc.com/mobile/dogpre/product/99/98380_list_L1_01702402.png,"품절
더독
더독 모닝키세스 덴탈껌 청포도 50개입
23,900원
무료배송
5
(21)"
더독 모닝키세스 덴탈껌 블루베리 50개입,더독,"23,900원",무료배송,"4.9
(25)",,https://dogpre.com/product/98379,https://img.funnc.com/mobile/dogpre/product/99/98379_list_L1_01814646.png,"품절
더독
더독 모닝키세스 덴탈껌 블루베리 50개입
23,900원
무료배송
4.9
(25)"
카누들 잇몸플러스 덴탈껌 M 중소형견용 53개입,카누들,"38,000원",대통령배송,"4.9
(87)",,https://dogpre.com/product/93167,https://img.funnc.com/mobile/dogpre/product/94/93167_list_L1_01606044.png,"품절
카누들
카누들 잇몸플러스 덴탈껌 M 중소형견용 53개입
38,000원
대통령배송
4.9
(87)"
원데이케어 덴탈껌 5가지맛 콤보 50개입,원데이케어,"37,000원",대통령배송,"4.8
(68)",,https://dogpre.com/product/85154,https://img.funnc.com/mobile/dogpre/product/86/85154_list_L1_01345279.png,"품절
원데이케어
원데이케어 덴탈껌 5가지맛 콤보 50개입
37,000원
대통령배송
4.8
(68)"
무마진 소프트 덴탈껌 바나나 30개입,무마진,"12,000원",대통령배송,"4.8
(87)",,https://dogpre.com/product/81986,https://img.funnc.com/mobile/dogpre/product/82/81986_list_L1_01801302.jpg,"품절
무마진
무마진 소프트 덴탈껌 바나나 30개입
12,000원
대통령배송
4.8
(87)"
무마진 소프트 덴탈껌 블루베리 30개입,무마진,"12,000원",대통령배송,"4.8
(139)",,https://dogpre.com/product/81983,https://img.funnc.com/mobile/dogpre/product/82/81983_list_L1_01677716.jpg,"품절
무마진
무마진 소프트 덴탈껌 블루베리 30개입
12,000원
대통령배송
4.8
(139)"
양치하개 덴탈케어 M 24개입,양치하개,"12,700원",대통령배송,"4.8
(46)",,https://dogpre.com/product/81500,https://img.funnc.com/mobile/dogpre/product/82/81500_list_L1_01933429.png,"품절
양치하개
양치하개 덴탈케어 M 24개입
12,700원
대통령배송
4.8
(46)"
포켄스 덴탈스틱 후레시 오메가3 큰별 220g,포켄스,"9,500원",대통령배송,"4.6
(456)",,https://dogpre.com/product/19692,https://img.funnc.com/mobile/dogpre/product/20/19692_list_L1_01297674.png,"품절
포켄스
포켄스 덴탈스틱 후레시 오메가3 큰별 220g
9,500원
대통령배송
4.6
(456)"
포켄스 덴탈스틱 후레시 오메가3 작은별 220g,포켄스,"9,500원",대통령배송,"4.6
(795)",,https://dogpre.com/product/19691,https://img.funnc.com/mobile/dogpre/product/20/19691_list_L1_01818708.png,"품절
포켄스
포켄스 덴탈스틱 후레시 오메가3 작은별 220g
9,500원
대통령배송
4.6
(795)"
포켄스 덴탈스틱 후레시 오리지날 큰별 220g,포켄스,"9,500원",대통령배송,"4.6
(577)",,https://dogpre.com/product/19688,https://img.funnc.com/mobile/dogpre/product/20/19688_list_L1_01446856.png,"품절
포켄스
포켄스 덴탈스틱 후레시 오리지날 큰별 220g
9,500원
대통령배송
4.6
(577)"
포켄스 덴탈스틱 후레시 오리지날 작은별 220g,포켄스,"9,500원",대통령배송,"4.7
(1,270)",,https://dogpre.com/product/19687,https://img.funnc.com/mobile/dogpre/product/20/19687_list_L1_01103779.png,"품절
포켄스
포켄스 덴탈스틱 후레시 오리지날 작은별 220g
9,500원
대통령배송
4.7
(1,270)"
