상품명,브랜드/판매자,가격,배송정보,평점정보,성분정보,링크,이미지URL,텍스트
쏨달펫 오늘도 후코이단 관절&뼈 100개입,쏨달펫,"15,000원",무료배송,"5
(12)",,https://dogpre.com/product/104206,https://img.funnc.com/mobile/dogpre/product/105/104206_list_L1_02786565.png,"쏨달펫
쏨달펫 오늘도 후코이단 관절&뼈 100개입
18,000원
30% 15,000원
무료배송
5
(12)"
자연애 헌터본 사슴 16개입,자연애,"9,000원",대통령배송,"4.8
(13)",,https://dogpre.com/product/104328,https://img.funnc.com/mobile/dogpre/product/105/104328_list_L1_01626794.png,"자연애
자연애 헌터본 사슴 16개입
9,000원
대통령배송
4.8
(13)"
펫매트릭스 스마트본 트위스트 스틱 피넛버터 50개입,펫매트릭스,"12,500원",대통령배송,"4.8
(243)",,https://dogpre.com/product/106556,https://img.funnc.com/mobile/dogpre/product/107/106556_list_L1_01327484.png,"펫매트릭스
펫매트릭스 스마트본 트위스트 스틱 피넛버터 50개입
12,500원
대통령배송
4.8
(243)"
네이쳐스 본 오리껌 20개입,네이쳐스본,"6,500원",대통령배송,"4.8
(3,236)",,https://dogpre.com/product/57301?bundleOptionId=,https://img.funnc.com/mobile/dogpre/product/58/57301_list_L1_5546.png,"네이쳐스본
네이쳐스 본 오리껌 20개입
6,500원
대통령배송
4.8
(3,236)"
펫매트릭스 스마트본 스킨&코트 스틱 16개입,펫매트릭스,"11,000원",대통령배송,"4.6
(167)",,https://dogpre.com/product/106610,https://img.funnc.com/mobile/dogpre/product/107/106610_list_L1_01250678.jpg,"펫매트릭스
펫매트릭스 스마트본 스킨&코트 스틱 16개입
11,000원
대통령배송
4.6
(167)"
펫매트릭스 스마트본 카밍 스틱 16개입,펫매트릭스,"11,000원",대통령배송,"4.7
(163)",,https://dogpre.com/product/106609,https://img.funnc.com/mobile/dogpre/product/107/106609_list_L1_01641381.jpg,"펫매트릭스
펫매트릭스 스마트본 카밍 스틱 16개입
11,000원
대통령배송
4.7
(163)"
펫매트릭스 스마트본 피넛버터 미니 8개입,펫매트릭스,"5,200원",대통령배송,"4.7
(537)",,https://dogpre.com/product/106604,https://img.funnc.com/mobile/dogpre/product/107/106604_list_L1_01429697.jpg,"펫매트릭스
펫매트릭스 스마트본 피넛버터 미니 8개입
5,200원
대통령배송
4.7
(537)"
펫매트릭스 스마트본 피넛버터 미니 16개입,펫매트릭스,"9,500원",대통령배송,"4.7
(1,012)",,https://dogpre.com/product/106603,https://img.funnc.com/mobile/dogpre/product/107/106603_list_L1_01523069.png,"펫매트릭스
펫매트릭스 스마트본 피넛버터 미니 16개입
9,500원
대통령배송
4.7
(1,012)"
펫매트릭스 스마트본 치킨 미니 8개입,펫매트릭스,"5,200원",대통령배송,"4.6
(816)",,https://dogpre.com/product/106602,https://img.funnc.com/mobile/dogpre/product/107/106602_list_L1_01871233.png,"펫매트릭스
펫매트릭스 스마트본 치킨 미니 8개입
5,200원
대통령배송
4.6
(816)"
펫매트릭스 스마트본 덴탈 미니 8개입,펫매트릭스,"5,200원",대통령배송,"4.8
(46)",,https://dogpre.com/product/106600,https://img.funnc.com/mobile/dogpre/product/107/106600_list_L1_01498449.jpg,"펫매트릭스
펫매트릭스 스마트본 덴탈 미니 8개입
5,200원
대통령배송
4.8
(46)"
펫매트릭스 스마트본 고구마 미니 8개입,펫매트릭스,"5,200원",대통령배송,"4.7
(167)",,https://dogpre.com/product/106598,https://img.funnc.com/mobile/dogpre/product/107/106598_list_L1_01851264.jpg,"펫매트릭스
펫매트릭스 스마트본 고구마 미니 8개입
5,200원
대통령배송
4.7
(167)"
펫매트릭스 스마트본 고구마 미니 16개입,펫매트릭스,"8,500원",대통령배송,"4.8
(323)",,https://dogpre.com/product/106558,https://img.funnc.com/mobile/dogpre/product/107/106558_list_L1_01602454.png,"펫매트릭스
펫매트릭스 스마트본 고구마 미니 16개입
8,500원
대통령배송
4.8
(323)"
펫매트릭스 스마트본 트위스트 스틱 치킨 50개입,펫매트릭스,"12,500원",대통령배송,"4.9
(361)",,https://dogpre.com/product/106557,https://img.funnc.com/mobile/dogpre/product/107/106557_list_L1_01513855.png,"펫매트릭스
펫매트릭스 스마트본 트위스트 스틱 치킨 50개입
12,500원
대통령배송
4.9
(361)"
아스쿠 슈퍼본 순살 오리너겟 100g,아스쿠,"4,500원",대통령배송,"4.8
(58)",,https://dogpre.com/product/106505,https://img.funnc.com/mobile/dogpre/product/107/106505_list_L1_01890027.png,"아스쿠
아스쿠 슈퍼본 순살 오리너겟 100g
4,500원
대통령배송
4.8
(58)"
THINK YOUR DOG TEETH 소고기 우유껌 본 32개입,THINK YOUR DOG TEETH,"12,900원",대통령배송,"4
(1)",,https://dogpre.com/product/106480,https://img.funnc.com/mobile/dogpre/product/107/106480_list_L1_01234312.png,"2일 남음
THINK YOUR DOG TEETH
THINK YOUR DOG TEETH 소고기 우유껌 본 32개입
15,900원
19% 12,900원
대통령배송
4
(1)"
[유통기한 25.07.06] 지위픽 사슴 정강이뼈 소,지위픽,"14,900원",대통령배송,"4.4
(341)",,https://dogpre.com/product/106216,https://img.funnc.com/mobile/dogpre/product/107/106216_list_L1_01349071.png,"지위픽
[유통기한 25.07.06] 지위픽 사슴 정강이뼈 소
14,900원
대통령배송
4.4
(341)"
펫블리스 치킨미니닭갈비 1kg,펫블리스,"12,900원",대통령배송,"4.9
(10)",,https://dogpre.com/product/104649,https://img.funnc.com/mobile/dogpre/product/105/104649_list_L1_01903337.png,"펫블리스
펫블리스 치킨미니닭갈비 1kg
12,900원
대통령배송
4.9
(10)"
메가미트 치킨 닭갈비 1kg,메가미트,"14,900원",대통령배송,"5
(4)",,https://dogpre.com/product/104520,https://img.funnc.com/mobile/dogpre/product/105/104520_list_L1_01105767.png,"메가미트
메가미트 치킨 닭갈비 1kg
14,900원
대통령배송
5
(4)"
자연애 헌터본 양 16개입,자연애,"9,000원",대통령배송,"4.8
(32)",,https://dogpre.com/product/104327,https://img.funnc.com/mobile/dogpre/product/105/104327_list_L1_01518905.png,"자연애
자연애 헌터본 양 16개입
9,000원
대통령배송
4.8
(32)"
자연애 헌터본 연어 16개입,자연애,"9,000원",대통령배송,"4.7
(37)",,https://dogpre.com/product/104325,https://img.funnc.com/mobile/dogpre/product/105/104325_list_L1_01745351.png,"자연애
자연애 헌터본 연어 16개입
9,000원
대통령배송
4.7
(37)"
쏨달펫 찹찹 덴탈껌 관절&뼈 30개입,쏨달펫,"12,900원",무료배송,"4.9
(37)",,https://dogpre.com/product/104199,https://img.funnc.com/mobile/dogpre/product/105/104199_list_L1_02354907.png,"쏨달펫
쏨달펫 찹찹 덴탈껌 관절&뼈 30개입
15,900원
10% 12,900원
무료배송
4.9
(37)"
버틀러티 로하이드 본 스모크 2개입,버틀러티,"15,000원",무료배송,"5
(1)",,https://dogpre.com/product/102939,https://img.funnc.com/mobile/dogpre/product/103/102939_list_L1_01157536.png,"버틀러티
버틀러티 로하이드 본 스모크 2개입
15,000원
무료배송
5
(1)"
멍메이징 대용량 오리목뼈 1kg,멍메이징,"15,500원",대통령배송,"4.6
(32)",,https://dogpre.com/product/101452,https://img.funnc.com/mobile/dogpre/product/102/101452_list_L1_01771157.jpg,"12:21:09
남음
멍메이징
멍메이징 대용량 오리목뼈 1kg
25,000원
38% 15,500원
대통령배송
4.6
(32)"
네츄럴랩 수제간식 오리목뼈 400g,네츄럴랩,"10,500원",대통령배송,"4.9
(62)",,https://dogpre.com/product/99121,https://img.funnc.com/mobile/dogpre/product/100/99121_list_L1_01493807.png,"네츄럴랩
네츄럴랩 수제간식 오리목뼈 400g
10,500원
대통령배송
4.9
(62)"
네이쳐스 본 연어고기 스틱 43개입 4묶음,네이쳐스본,"18,000원",대통령배송,"4.8
(128)",,https://dogpre.com/product/94128?bundleOptionId=192282,https://img.funnc.com/mobile/dogpre/product/99/98025_list_L1_3400.png,"네이쳐스본
네이쳐스 본 연어고기 스틱 43개입 4묶음
24,000원
20% 18,000원
대통령배송
4.8
(128)"
네이쳐스 본 양고기 스틱 43개입 4묶음,네이쳐스본,"18,000원",대통령배송,"4.8
(192)",,https://dogpre.com/product/93595?bundleOptionId=192280,https://img.funnc.com/mobile/dogpre/product/99/98024_list_L1_1989.png,"네이쳐스본
네이쳐스 본 양고기 스틱 43개입 4묶음
24,000원
20% 18,000원
대통령배송
4.8
(192)"
우리주 저알러지 케어덴티 구강&뼈&관절 7개입 2묶음,우리주,"11,800원",무료배송,"4.7
(164)",,https://dogpre.com/product/97528,https://img.funnc.com/mobile/dogpre/product/98/97528_list_L1_01768157.png,"사은품증정
우리주
우리주 저알러지 케어덴티 구강&뼈&관절 7개입 2묶음
16,000원
26% 11,800원
무료배송
4.7
(164)"
프레스키 터키츄 칠면조힘줄 하드본 L 2묶음,프레스키,"26,800원",대통령배송,"5
(3)",,https://dogpre.com/product/87513?bundleOptionId=187938,https://img.funnc.com/mobile/dogpre/product/98/97507_list_L1_4788.png,"프레스키
프레스키 터키츄 칠면조힘줄 하드본 L 2묶음
29,000원
26% 26,800원
대통령배송
5
(3)"
프레스키 터키츄 칠면조힘줄 하드본 M 4묶음,프레스키,"29,200원",대통령배송,"4.9
(13)",,https://dogpre.com/product/87514?bundleOptionId=187934,https://img.funnc.com/mobile/dogpre/product/98/97505_list_L1_1565.png,"프레스키
프레스키 터키츄 칠면조힘줄 하드본 M 4묶음
30,400원
26% 29,200원
대통령배송
4.9
(13)"
프레스키 터키츄 칠면조힘줄 하드본 S 6묶음,프레스키,"19,800원",대통령배송,"4.7
(31)",,https://dogpre.com/product/87515?bundleOptionId=187806,https://img.funnc.com/mobile/dogpre/product/98/97503_list_L1_8242.png,"프레스키
프레스키 터키츄 칠면조힘줄 하드본 S 6묶음
21,600원
26% 19,800원
대통령배송
4.7
(31)"
네이쳐스 본 소고기 스틱 43개입 4묶음,네이쳐스본,"18,000원",대통령배송,"4.8
(305)",,https://dogpre.com/product/93592?bundleOptionId=185987,https://img.funnc.com/mobile/dogpre/product/98/97110_list_L1_1737.png,"네이쳐스본
네이쳐스 본 소고기 스틱 43개입 4묶음
18,000원
대통령배송
4.8
(305)"
네이쳐스 본 오리고기 스틱 43개입 4묶음,네이쳐스본,"18,000원",대통령배송,"4.8
(150)",,https://dogpre.com/product/93594?bundleOptionId=185982,https://img.funnc.com/mobile/dogpre/product/98/97106_list_L1_4540.png,"네이쳐스본
네이쳐스 본 오리고기 스틱 43개입 4묶음
18,000원
대통령배송
4.8
(150)"
구루머스 닭갈비 400g 5묶음,구루머스,"24,700원",대통령배송,"4.8
(993)",,https://dogpre.com/product/18195?bundleOptionId=165596,https://img.funnc.com/mobile/dogpre/product/95/94184_list_L1_2410.png,"구루머스
구루머스 닭갈비 400g 5묶음
24,700원
대통령배송
4.8
(993)"
네이쳐스 본 연어고기 스틱 43개입,네이쳐스본,"5,000원",대통령배송,"4.8
(128)",,https://dogpre.com/product/94128?bundleOptionId=192281,https://img.funnc.com/mobile/dogpre/product/95/94128_list_L1_01975807.png,"네이쳐스본
네이쳐스 본 연어고기 스틱 43개입
5,000원
4개 구매 시 개당 4,500원
대통령배송
4.8
(128)"
구루머스 미니 닭갈비 400g 5묶음,구루머스,"24,700원",대통령배송,"4.8
(1,757)",,https://dogpre.com/product/18194?bundleOptionId=164957,https://img.funnc.com/mobile/dogpre/product/95/94065_list_L1_5489.png,"구루머스
구루머스 미니 닭갈비 400g 5묶음
24,700원
대통령배송
4.8
(1,757)"
리틀달링 칼슘본 사사미 300g 5묶음,리틀달링,"11,850원",대통령배송,"4.6
(2,972)",,https://dogpre.com/product/20444?bundleOptionId=164918,https://img.funnc.com/mobile/dogpre/product/95/94045_list_L1_0206.png,"리틀달링
리틀달링 칼슘본 사사미 300g 5묶음
11,850원
대통령배송
4.6
(2,972)"
마이베프 많이담은 건조간식 오리목뼈 300g,마이베프,"10,900원",대통령배송,"4.8
(83)",,https://dogpre.com/product/94037,https://img.funnc.com/mobile/dogpre/product/95/94037_list_L1_01830312.png,"마이베프
마이베프 많이담은 건조간식 오리목뼈 300g
10,900원
대통령배송
4.8
(83)"
리틀달링 닭갈비 사사미 300g 5묶음,리틀달링,"11,850원",대통령배송,"4.6
(1,905)",,https://dogpre.com/product/20443?bundleOptionId=163282,https://img.funnc.com/mobile/dogpre/product/94/94000_list_L1_3080.png,"리틀달링
리틀달링 닭갈비 사사미 300g 5묶음
11,850원
대통령배송
4.6
(1,905)"
리틀달링 미니 닭갈비 300g 5묶음,리틀달링,"11,850원",대통령배송,"4.8
(784)",,https://dogpre.com/product/62782?bundleOptionId=163278,https://img.funnc.com/mobile/dogpre/product/94/93998_list_L1_2426.png,"리틀달링
리틀달링 미니 닭갈비 300g 5묶음
11,850원
대통령배송
4.8
(784)"
네이쳐스 본 양고기 스틱 43개입,네이쳐스본,"5,000원",대통령배송,"4.8
(192)",,https://dogpre.com/product/93595?bundleOptionId=192279,https://img.funnc.com/mobile/dogpre/product/94/93595_list_L1_01349086.png,"네이쳐스본
네이쳐스 본 양고기 스틱 43개입
5,000원
4개 구매 시 개당 4,500원
대통령배송
4.8
(192)"
네이쳐스 본 오리고기 스틱 43개입,네이쳐스본,"5,000원",대통령배송,"4.8
(150)",,https://dogpre.com/product/93594?bundleOptionId=185981,https://img.funnc.com/mobile/dogpre/product/94/93594_list_L1_01650859.png,"네이쳐스본
네이쳐스 본 오리고기 스틱 43개입
5,000원
4개 구매 시 개당 4,500원
대통령배송
4.8
(150)"
네이쳐스 본 소고기 스틱 43개입,네이쳐스본,"5,000원",대통령배송,"4.8
(305)",,https://dogpre.com/product/93592?bundleOptionId=185986,https://img.funnc.com/mobile/dogpre/product/94/93592_list_L1_01601970.png,"네이쳐스본
네이쳐스 본 소고기 스틱 43개입
5,000원
4개 구매 시 개당 4,500원
대통령배송
4.8
(305)"
버디펫푸드 닭갈비 400g 5묶음,버디펫푸드,"21,800원",대통령배송,"4.7
(1,547)",,https://dogpre.com/product/9887?bundleOptionId=160982,https://img.funnc.com/mobile/dogpre/product/94/93276_list_L1_0356.png,"버디펫푸드
버디펫푸드 닭갈비 400g 5묶음
21,800원
대통령배송
4.7
(1,547)"
버디펫푸드 칼슘 미니 닭갈비 400g 5묶음,버디펫푸드,"21,800원",대통령배송,"4.6
(4,466)",,https://dogpre.com/product/9886?bundleOptionId=160964,https://img.funnc.com/mobile/dogpre/product/94/93265_list_L1_5031.png,"버디펫푸드
버디펫푸드 칼슘 미니 닭갈비 400g 5묶음
21,800원
대통령배송
4.6
(4,466)"
프레스키 터키츄 칠면조힘줄 하드본 S,프레스키,"3,600원",대통령배송,"4.7
(31)",,https://dogpre.com/product/87515?bundleOptionId=187805,https://img.funnc.com/mobile/dogpre/product/88/87515_list_L1_01852679.png,"프레스키
프레스키 터키츄 칠면조힘줄 하드본 S
3,600원
6개 구매 시 개당 3,300원
대통령배송
4.7
(31)"
프레스키 터키츄 칠면조힘줄 하드본 M,프레스키,"7,600원",대통령배송,"4.9
(13)",,https://dogpre.com/product/87514?bundleOptionId=187933,https://img.funnc.com/mobile/dogpre/product/88/87514_list_L1_01237024.png,"프레스키
프레스키 터키츄 칠면조힘줄 하드본 M
7,600원
4개 구매 시 개당 7,300원
대통령배송
4.9
(13)"
프레스키 터키츄 칠면조힘줄 하드본 L,프레스키,"14,500원",대통령배송,"5
(3)",,https://dogpre.com/product/87513?bundleOptionId=187937,https://img.funnc.com/mobile/dogpre/product/88/87513_list_L1_01167296.png,"프레스키
프레스키 터키츄 칠면조힘줄 하드본 L
14,500원
2개 구매 시 개당 13,400원
대통령배송
5
(3)"
네츄럴코어 덕&피쉬본 70g,네츄럴코어,"3,400원",대통령배송,"4.8
(181)",,https://dogpre.com/product/86810,https://img.funnc.com/mobile/dogpre/product/87/86810_list_L1_05319235.png,"네츄럴코어
네츄럴코어 덕&피쉬본 70g
3,400원
대통령배송
4.8
(181)"
펫매트릭스 스마트본 치킨랩 스틱 치킨 미니 15개입,펫매트릭스,"13,000원",대통령배송,"4.9
(230)",,https://dogpre.com/product/82853,https://img.funnc.com/mobile/dogpre/product/83/82853_list_L1_01882291.jpg,"펫매트릭스
펫매트릭스 스마트본 치킨랩 스틱 치킨 미니 15개입
13,000원
대통령배송
4.9
(230)"
바우와우 한상떡갈비 오리 80g,바우와우,"3,500원",대통령배송,"4.8
(265)",,https://dogpre.com/product/81407,https://img.funnc.com/mobile/dogpre/product/82/81407_list_L1_01423094.png,"바우와우
바우와우 한상떡갈비 오리 80g
3,500원
대통령배송
4.8
(265)"
바우와우 한상떡갈비 포크 80g,바우와우,"3,500원",대통령배송,"4.8
(345)",,https://dogpre.com/product/81401,https://img.funnc.com/mobile/dogpre/product/82/81401_list_L1_01637911.png,"바우와우
바우와우 한상떡갈비 포크 80g
3,500원
대통령배송
4.8
(345)"
아스쿠 슈퍼본 순살 비프너겟 100g,아스쿠,"4,500원",대통령배송,"4.9
(220)",,https://dogpre.com/product/63493,https://img.funnc.com/mobile/dogpre/product/64/63493_list_L1_01738954.png,"아스쿠
아스쿠 슈퍼본 순살 비프너겟 100g
5,000원
22% 4,500원
대통령배송
4.9
(220)"
리틀달링 미니 닭갈비 300g,리틀달링,"2,500원",대통령배송,"4.8
(784)",,https://dogpre.com/product/62782?bundleOptionId=163277,https://img.funnc.com/mobile/dogpre/product/63/62782_list_L1_01709706.png,"리틀달링
리틀달링 미니 닭갈비 300g
2,500원
5개 구매 시 개당 2,370원
대통령배송
4.8
(784)"
네이쳐스 본 치킨껌 20개입,네이쳐스본,"6,500원",대통령배송,"4.8
(2,684)",,https://dogpre.com/product/57303?bundleOptionId=,https://img.funnc.com/mobile/dogpre/product/58/57303_list_L1_6812.png,"네이쳐스본
네이쳐스 본 치킨껌 20개입
6,500원
대통령배송
4.8
(2,684)"
리틀달링 칼슘본 사사미 300g,리틀달링,"2,500원",대통령배송,"4.6
(2,972)",,https://dogpre.com/product/20444?bundleOptionId=164917,https://img.funnc.com/mobile/dogpre/product/21/20444_list_L1_01140139.png,"리틀달링
리틀달링 칼슘본 사사미 300g
2,500원
5개 구매 시 개당 2,370원
대통령배송
4.6
(2,972)"
리틀달링 닭갈비 사사미 300g,리틀달링,"2,500원",대통령배송,"4.6
(1,905)",,https://dogpre.com/product/20443?bundleOptionId=163281,https://img.funnc.com/mobile/dogpre/product/21/20443_list_L1_01902626.png,"리틀달링
리틀달링 닭갈비 사사미 300g
2,500원
5개 구매 시 개당 2,370원
대통령배송
4.6
(1,905)"
펫매트릭스 스마트본 덴탈 미니 16개입,펫매트릭스,"8,000원",대통령배송,"4.7
(698)",,https://dogpre.com/product/20048,https://img.funnc.com/mobile/dogpre/product/21/20048_list_L1_01780494.png,"펫매트릭스
펫매트릭스 스마트본 덴탈 미니 16개입
8,000원
대통령배송
4.7
(698)"
펫매트릭스 스마트본 치킨 미니 16개입,펫매트릭스,"10,500원",대통령배송,"4.7
(1,768)",,https://dogpre.com/product/20044,https://img.funnc.com/mobile/dogpre/product/21/20044_list_L1_01164746.png,"펫매트릭스
펫매트릭스 스마트본 치킨 미니 16개입
10,500원
대통령배송
4.7
(1,768)"
구루머스 닭갈비 400g,구루머스,"5,200원",대통령배송,"4.8
(993)",,https://dogpre.com/product/18195?bundleOptionId=165595,https://img.funnc.com/mobile/dogpre/product/19/18195_list_L1_5747.png,"구루머스
구루머스 닭갈비 400g
5,200원
5개 구매 시 개당 4,940원
대통령배송
4.8
(993)"
구루머스 미니 닭갈비 400g,구루머스,"5,200원",대통령배송,"4.8
(1,757)",,https://dogpre.com/product/18194?bundleOptionId=164956,https://img.funnc.com/mobile/dogpre/product/19/18194_list_L1_8575.png,"구루머스
구루머스 미니 닭갈비 400g
5,200원
5개 구매 시 개당 4,940원
대통령배송
4.8
(1,757)"
버디펫푸드 닭갈비 400g,버디펫푸드,"4,600원",대통령배송,"4.7
(1,547)",,https://dogpre.com/product/9887?bundleOptionId=160981,https://img.funnc.com/mobile/dogpre/product/10/9887_list_L1_0015.png,"버디펫푸드
버디펫푸드 닭갈비 400g
4,600원
5개 구매 시 개당 4,360원
대통령배송
4.7
(1,547)"
버디펫푸드 칼슘 미니 닭갈비 400g,버디펫푸드,"4,600원",대통령배송,"4.6
(4,466)",,https://dogpre.com/product/9886?bundleOptionId=160963,https://img.funnc.com/mobile/dogpre/product/10/9886_list_L1_8062.png,"버디펫푸드
버디펫푸드 칼슘 미니 닭갈비 400g
4,600원
5개 구매 시 개당 4,360원
대통령배송
4.6
(4,466)"
본영양간식 오리 전복죽 80g 10개입,본영양간식,"22,000원",무료배송,"5
(5)",,https://dogpre.com/product/101650,https://img.funnc.com/mobile/dogpre/product/102/101650_list_L1_01925959.png,"품절
본영양간식
본영양간식 오리 전복죽 80g 10개입
22,000원
무료배송
5
(5)"
오메가본 치킨 우유껌 소형 5개입,오메가본,"1,100원",대통령배송,"4.5
(1,735)",,https://dogpre.com/product/22880?bundleOptionId=164947,https://img.funnc.com/mobile/dogpre/product/23/22880_list_L1_1854.png,"품절
오메가본
오메가본 치킨 우유껌 소형 5개입
1,100원
10개 구매 시 개당 1,000원
대통령배송
4.5
(1,735)"
뉴알엑스 송아지 갈비뼈 100g,뉴알엑스,"10,000원",대통령배송,"4.7
(6)",,https://dogpre.com/product/104350,https://img.funnc.com/mobile/dogpre/product/105/104350_list_L1_01725989.png,"품절
뉴알엑스
뉴알엑스 송아지 갈비뼈 100g
10,000원
대통령배송
4.7
(6)"
본영양간식 황태 전복죽 80g 10개입,본영양간식,"22,000원",무료배송,"4.8
(16)",,https://dogpre.com/product/101649,https://img.funnc.com/mobile/dogpre/product/102/101649_list_L1_01977483.png,"품절
본영양간식
본영양간식 황태 전복죽 80g 10개입
22,000원
무료배송
4.8
(16)"
네츄럴랩 수제간식 저온건조 닭목뼈 250g,네츄럴랩,"9,900원",대통령배송,"4.5
(8)",,https://dogpre.com/product/99125,https://img.funnc.com/mobile/dogpre/product/100/99125_list_L1_01549647.png,"품절
네츄럴랩
네츄럴랩 수제간식 저온건조 닭목뼈 250g
9,900원
대통령배송
4.5
(8)"
오메가본 치킨딩고 사사미껌 5개입 10묶음,오메가본,"16,000원",대통령배송,"4.7
(1,007)",,https://dogpre.com/product/22886?bundleOptionId=170036,https://img.funnc.com/mobile/dogpre/product/96/95528_list_L1_0100.png,"품절
오메가본
오메가본 치킨딩고 사사미껌 5개입 10묶음
16,000원
대통령배송
4.7
(1,007)"
오메가본 클로렐라 딩고껌 5개입 10묶음,오메가본,"11,000원",대통령배송,"4.5
(2,406)",,https://dogpre.com/product/22884?bundleOptionId=165621,https://img.funnc.com/mobile/dogpre/product/95/94254_list_L1_2100.png,"품절
오메가본
오메가본 클로렐라 딩고껌 5개입 10묶음
11,000원
대통령배송
4.5
(2,406)"
오메가본 치킨 우유껌 소형 5개입 10묶음,오메가본,"10,000원",대통령배송,"4.5
(1,735)",,https://dogpre.com/product/22880?bundleOptionId=165327,https://img.funnc.com/mobile/dogpre/product/95/94137_list_L1_0796.png,"품절
오메가본
오메가본 치킨 우유껌 소형 5개입 10묶음
10,000원
대통령배송
4.5
(1,735)"
포켄스 뉴트리션 트릿 미니 관절&뼈 168g,포켄스,"15,000원",대통령배송,"4.8
(57)",,https://dogpre.com/product/93108,https://img.funnc.com/mobile/dogpre/product/94/93108_list_L1_01552234.png,"품절
포켄스
포켄스 뉴트리션 트릿 미니 관절&뼈 168g
15,000원
대통령배송
4.8
(57)"
아침애 오리목뼈껌 소 80g 4묶음,아침애,"14,800원",대통령배송,"4.6
(4,771)",,https://dogpre.com/product/23624?bundleOptionId=157771,https://img.funnc.com/mobile/dogpre/product/92/91745_list_L1_4459.png,"품절
아침애
아침애 오리목뼈껌 소 80g 4묶음
14,800원
대통령배송
4.6
(4,771)"
아침애 내츄럴간식 송아지 목뼈 70g 4묶음,아침애,"20,400원",대통령배송,"4.6
(1,878)",,https://dogpre.com/product/45167?bundleOptionId=157702,https://img.funnc.com/mobile/dogpre/product/92/91706_list_L1_3295.png,"품절
아침애
아침애 내츄럴간식 송아지 목뼈 70g 4묶음
20,400원
대통령배송
4.6
(1,878)"
THE 건강한 형제 오리목뼈 100g,THE 건강한 형제,"4,900원",대통령배송,"4.8
(154)",,https://dogpre.com/product/87720,https://img.funnc.com/mobile/dogpre/product/88/87720_list_L1_01169685.png,"품절
THE 건강한 형제
THE 건강한 형제 오리목뼈 100g
4,900원
대통령배송
4.8
(154)"
펫매트릭스 스마트본 치킨랩 스틱 피넛버터 미니 15개입,펫매트릭스,"13,000원",대통령배송,"4.9
(112)",,https://dogpre.com/product/82855,https://img.funnc.com/mobile/dogpre/product/83/82855_list_L1_01145554.png,"품절
펫매트릭스
펫매트릭스 스마트본 치킨랩 스틱 피넛버터 미니 15개입
13,000원
대통령배송
4.9
(112)"
펫매트릭스 스마트본 치킨랩 스틱 피넛버터 8개입,펫매트릭스,"13,000원",대통령배송,"4.8
(110)",,https://dogpre.com/product/82854,https://img.funnc.com/mobile/dogpre/product/83/82854_list_L1_01898996.jpg,"품절
펫매트릭스
펫매트릭스 스마트본 치킨랩 스틱 피넛버터 8개입
13,000원
대통령배송
4.8
(110)"
펫매트릭스 스마트본 치킨랩 스틱 치킨 8개입,펫매트릭스,"13,000원",대통령배송,"4.9
(117)",,https://dogpre.com/product/82852,https://img.funnc.com/mobile/dogpre/product/83/82852_list_L1_01137681.jpg,"품절
펫매트릭스
펫매트릭스 스마트본 치킨랩 스틱 치킨 8개입
13,000원
대통령배송
4.9
(117)"
바우와우 한상떡갈비 치킨 80g,바우와우,"3,500원",대통령배송,"4.8
(370)",,https://dogpre.com/product/81404,https://img.funnc.com/mobile/dogpre/product/82/81404_list_L1_01111349.png,"품절
바우와우
바우와우 한상떡갈비 치킨 80g
3,500원
대통령배송
4.8
(370)"
포켄스 뉴트리션 트릿 관절&뼈 800g,포켄스,"47,000원",대통령배송,"4.9
(56)",,https://dogpre.com/product/78352,https://img.funnc.com/mobile/dogpre/product/79/78352_list_L1_01957282.png,"품절
포켄스
포켄스 뉴트리션 트릿 관절&뼈 800g
47,000원
대통령배송
4.9
(56)"
펫매트릭스 스마트본 힙&조인트 스틱 16개입,펫매트릭스,"9,000원",대통령배송,"4.7
(325)",,https://dogpre.com/product/55326,https://img.funnc.com/mobile/dogpre/product/56/55326_list_L1_01064854.png,"품절
펫매트릭스
펫매트릭스 스마트본 힙&조인트 스틱 16개입
9,000원
대통령배송
4.7
(325)"
펫매트릭스 스마트본 플레이타임 츄 피넛버터 미니 10개입,펫매트릭스,"8,000원",대통령배송,"4.8
(463)",,https://dogpre.com/product/55317,https://img.funnc.com/mobile/dogpre/product/56/55317_list_L1_01090404.png,"품절
펫매트릭스
펫매트릭스 스마트본 플레이타임 츄 피넛버터 미니 10개입
8,000원
대통령배송
4.8
(463)"
아침애 내츄럴간식 송아지 목뼈 70g,아침애,"5,400원",대통령배송,"4.6
(1,878)",,https://dogpre.com/product/45167?bundleOptionId=157701,https://img.funnc.com/mobile/dogpre/product/46/45167_list_L1_1438.png,"품절
아침애
아침애 내츄럴간식 송아지 목뼈 70g
5,400원
4개 구매 시 개당 5,100원
대통령배송
4.6
(1,878)"
아침애 오리목뼈껌 소 80g,아침애,"3,900원",대통령배송,"4.6
(4,771)",,https://dogpre.com/product/23624?bundleOptionId=157770,https://img.funnc.com/mobile/dogpre/product/24/23624_list_L1_3627.png,"품절
아침애
아침애 오리목뼈껌 소 80g
3,900원
4개 구매 시 개당 3,700원
대통령배송
4.6
(4,771)"
오메가본 치킨딩고 사사미껌 5개입,오메가본,"1,800원",대통령배송,"4.7
(1,007)",,https://dogpre.com/product/22886?bundleOptionId=170035,https://img.funnc.com/mobile/dogpre/product/23/22886_list_L1_9727.png,"품절
오메가본
오메가본 치킨딩고 사사미껌 5개입
1,800원
10개 구매 시 개당 1,600원
대통령배송
4.7
(1,007)"
오메가본 클로렐라 딩고껌 5개입,오메가본,"1,300원",대통령배송,"4.5
(2,406)",,https://dogpre.com/product/22884?bundleOptionId=165620,https://img.funnc.com/mobile/dogpre/product/23/22884_list_L1_4645.png,"품절
오메가본
오메가본 클로렐라 딩고껌 5개입
1,300원
10개 구매 시 개당 1,100원
대통령배송
4.5
(2,406)"
