상품명,브랜드/판매자,가격,배송정보,평점정보,성분정보,링크,이미지URL,텍스트
프레시탭 잘했어 요거트와 후르츠 트릿 260g 2묶음,프레시탭,"14,000원",무료배송,"5
(1)",,https://dogpre.com/product/103075,https://img.funnc.com/mobile/dogpre/product/104/103075_list_L1_01669106.png,"프레시탭
프레시탭 잘했어 요거트와 후르츠 트릿 260g 2묶음
14,000원
무료배송
5
(1)"
닥터할리 펫 밀크 시니어 200ml,닥터할리,"1,700원",대통령배송,"4.8
(998)",,https://dogpre.com/product/51723?bundleOptionId=164929,https://img.funnc.com/mobile/dogpre/product/52/51723_list_L1_01192076.png,"닥터할리
닥터할리 펫 밀크 시니어 200ml
2,500원
22% 1,700원
10개 구매 시 개당 1,650원
대통령배송
4.8
(998)"
THINK YOUR DOG TEETH 연어 우유껌 스틱 20개입,THINK YOUR DOG TEETH,"7,900원",대통령배송,"5
(1)",,https://dogpre.com/product/106464,https://img.funnc.com/mobile/dogpre/product/107/106464_list_L1_01710706.png,"THINK YOUR DOG TEETH
THINK YOUR DOG TEETH 연어 우유껌 스틱 20개입
7,900원
대통령배송
5
(1)"
ANF 밀크스틱 27개입,ANF,"6,000원",대통령배송,"4.6
(6,071)",,https://dogpre.com/product/26304?bundleOptionId=160959,https://img.funnc.com/mobile/dogpre/product/27/26304_list_L1_01852784.png,"ANF
ANF 밀크스틱 27개입
6,000원
4개 구매 시 개당 5,800원
대통령배송
4.6
(6,071)"
서울우유 아이펫밀크 180ml 10개입,서울우유,"18,900원",무료배송,"4.8
(10,484)",,https://dogpre.com/product/102719,https://img.funnc.com/mobile/dogpre/product/103/102719_list_L1_01545497.png,"사은품증정
서울우유
서울우유 아이펫밀크 180ml 10개입
29,000원
35% 18,900원
무료배송
4.8
(10,484)"
구루머스 치킨 우유껌 7개입,구루머스,"1,800원",대통령배송,"4.7
(13,262)",,https://dogpre.com/product/18984?bundleOptionId=158051,https://img.funnc.com/mobile/dogpre/product/19/18984_list_L1_8685.png,"구루머스
구루머스 치킨 우유껌 7개입
1,800원
8개 구매 시 개당 1,650원
대통령배송
4.7
(13,262)"
[유통기한 25.07.18]네츄럴랩 치카치카 우유 치실껌 M 3개입,네츄럴랩,"3,500원",대통령배송,"4.8
(17)",,https://dogpre.com/product/106845,https://img.funnc.com/mobile/dogpre/product/107/106845_list_L1_01105257.png,"네츄럴랩
[유통기한 25.07.18]네츄럴랩 치카치카 우유 치실껌 M 3개입
3,500원
대통령배송
4.8
(17)"
THINK YOUR DOG TEETH 소고기 우유껌 본 32개입,THINK YOUR DOG TEETH,"12,900원",대통령배송,"4
(1)",,https://dogpre.com/product/106480,https://img.funnc.com/mobile/dogpre/product/107/106480_list_L1_01234312.png,"2일 남음
THINK YOUR DOG TEETH
THINK YOUR DOG TEETH 소고기 우유껌 본 32개입
15,900원
19% 12,900원
대통령배송
4
(1)"
THINK YOUR DOG TEETH 치킨우유껌스틱 24개입,THINK YOUR DOG TEETH,"7,900원",대통령배송,"4.8
(426)",,https://dogpre.com/product/106466,https://img.funnc.com/mobile/dogpre/product/107/106466_list_L1_01196998.png,"THINK YOUR DOG TEETH
THINK YOUR DOG TEETH 치킨우유껌스틱 24개입
7,900원
대통령배송
4.8
(426)"
THINK YOUR DOG TEETH 연어우유껌 중 6개입,THINK YOUR DOG TEETH,"7,900원",대통령배송,"4.7
(81)",,https://dogpre.com/product/106462,https://img.funnc.com/mobile/dogpre/product/107/106462_list_L1_01835715.png,"THINK YOUR DOG TEETH
THINK YOUR DOG TEETH 연어우유껌 중 6개입
7,900원
대통령배송
4.7
(81)"
THINK YOUR DOG TEETH 소고기우유껌 중 6개입,THINK YOUR DOG TEETH,"7,900원",대통령배송,"5
(3)",,https://dogpre.com/product/106457,https://img.funnc.com/mobile/dogpre/product/107/106457_list_L1_01651019.jpg,"THINK YOUR DOG TEETH
THINK YOUR DOG TEETH 소고기우유껌 중 6개입
7,900원
대통령배송
5
(3)"
THINK YOUR DOG TEETH 오리딩고 우유껌 중 6개입,THINK YOUR DOG TEETH,"7,900원",대통령배송,"4.8
(54)",,https://dogpre.com/product/106453,https://img.funnc.com/mobile/dogpre/product/107/106453_list_L1_01279889.png,"THINK YOUR DOG TEETH
THINK YOUR DOG TEETH 오리딩고 우유껌 중 6개입
7,900원
대통령배송
4.8
(54)"
THINK YOUR DOG TEETH 오리우유껌스틱 24개입,THINK YOUR DOG TEETH,"7,900원",대통령배송,"5
(1)",,https://dogpre.com/product/106451,https://img.funnc.com/mobile/dogpre/product/107/106451_list_L1_01569410.png,"THINK YOUR DOG TEETH
THINK YOUR DOG TEETH 오리우유껌스틱 24개입
7,900원
대통령배송
5
(1)"
THINK YOUR DOG TEETH 소가죽우유껌 44개입,THINK YOUR DOG TEETH,"7,400원",대통령배송,"4.7
(101)",,https://dogpre.com/product/106447,https://img.funnc.com/mobile/dogpre/product/107/106447_list_L1_01534953.png,"THINK YOUR DOG TEETH
THINK YOUR DOG TEETH 소가죽우유껌 44개입
7,400원
대통령배송
4.7
(101)"
네츄럴코어 심플리 요거트 치킨 크랜베리 60g,네츄럴코어,"7,500원",대통령배송,"4.9
(11)",,https://dogpre.com/product/105667,https://img.funnc.com/mobile/dogpre/product/106/105667_list_L1_01478183.png,"네츄럴코어
네츄럴코어 심플리 요거트 치킨 크랜베리 60g
7,500원
대통령배송
4.9
(11)"
네츄럴코어 심플리 요거트 치킨 60g,네츄럴코어,"7,500원",대통령배송,"5
(11)",,https://dogpre.com/product/105666,https://img.funnc.com/mobile/dogpre/product/106/105666_list_L1_01257446.png,"네츄럴코어
네츄럴코어 심플리 요거트 치킨 60g
7,500원
대통령배송
5
(11)"
아껴줄게 딸기 우유 치실껌 SS 7개입,아껴줄게,"3,800원",대통령배송,"5
(2)",,https://dogpre.com/product/105573,https://img.funnc.com/mobile/dogpre/product/106/105573_list_L1_01338873.jpg,"아껴줄게
아껴줄게 딸기 우유 치실껌 SS 7개입
3,800원
대통령배송
5
(2)"
아껴줄게 사과 우유 치실껌 SS 7개입,아껴줄게,"3,800원",대통령배송,"4.8
(4)",,https://dogpre.com/product/105570,https://img.funnc.com/mobile/dogpre/product/106/105570_list_L1_01326342.jpg,"아껴줄게
아껴줄게 사과 우유 치실껌 SS 7개입
3,800원
대통령배송
4.8
(4)"
구루머스 치킨 우유껌 7개입 8묶음,구루머스,"13,200원",대통령배송,"4.7
(13,262)",,https://dogpre.com/product/18984?bundleOptionId=261172,https://img.funnc.com/mobile/dogpre/product/105/104683_list_L1_0026.png,"구루머스
구루머스 치킨 우유껌 7개입 8묶음
13,200원
대통령배송
4.7
(13,262)"
ANF 밀크스틱 8개입 4묶음,ANF,"25,400원",대통령배송,"4.9
(14)",,https://dogpre.com/product/103401?bundleOptionId=248698,https://img.funnc.com/mobile/dogpre/product/104/103585_list_L1_5649.png,"ANF
ANF 밀크스틱 8개입 4묶음
25,400원
대통령배송
4.9
(14)"
ANF 밀크스틱 8개입,ANF,"6,550원",대통령배송,"4.9
(14)",,https://dogpre.com/product/103401?bundleOptionId=248697,https://img.funnc.com/mobile/dogpre/product/104/103401_list_L1_01705939.png,"ANF
ANF 밀크스틱 8개입
6,550원
4개 구매 시 개당 6,350원
대통령배송
4.9
(14)"
서울우유 아이펫밀크 저지방 130ml 10개입,서울우유,"15,490원",무료배송,"4.4
(8)",,https://dogpre.com/product/102745,https://img.funnc.com/mobile/dogpre/product/103/102745_list_L1_01013878.png,"서울우유
서울우유 아이펫밀크 저지방 130ml 10개입
15,490원
무료배송
4.4
(8)"
아껴줄게 혼합 과일 우유치실껌 SS 32개입,아껴줄게,"20,000원",대통령배송,"4.9
(17)",,https://dogpre.com/product/102407,https://img.funnc.com/mobile/dogpre/product/103/102407_list_L1_01421481.png,"아껴줄게
아껴줄게 혼합 과일 우유치실껌 SS 32개입
20,000원
대통령배송
4.9
(17)"
네츄럴랩 건강한치즈 볼 요거트 120g,네츄럴랩,"6,000원",대통령배송,"4.7
(64)",,https://dogpre.com/product/99120,https://img.funnc.com/mobile/dogpre/product/100/99120_list_L1_01339129.png,"네츄럴랩
네츄럴랩 건강한치즈 볼 요거트 120g
6,000원
대통령배송
4.7
(64)"
네츄럴랩 치카치카 우유껌 S 6개입,네츄럴랩,"3,000원",대통령배송,"4.6
(7)",,https://dogpre.com/product/99061,https://img.funnc.com/mobile/dogpre/product/100/99061_list_L1_01904663.png,"네츄럴랩
네츄럴랩 치카치카 우유껌 S 6개입
3,000원
대통령배송
4.6
(7)"
네츄럴랩 치카치카 우유껌 SS 12개입,네츄럴랩,"3,700원",대통령배송,"4.8
(25)",,https://dogpre.com/product/99060,https://img.funnc.com/mobile/dogpre/product/100/99060_list_L1_01610133.png,"네츄럴랩
네츄럴랩 치카치카 우유껌 SS 12개입
3,700원
대통령배송
4.8
(25)"
네츄럴랩 치카치카 우유 치실껌 SS 20개입,네츄럴랩,"10,900원",대통령배송,"4.7
(117)",,https://dogpre.com/product/99059,https://img.funnc.com/mobile/dogpre/product/100/99059_list_L1_01210657.png,"네츄럴랩
네츄럴랩 치카치카 우유 치실껌 SS 20개입
10,900원
대통령배송
4.7
(117)"
네츄럴랩 치카치카 우유 치실껌 M 3개입,네츄럴랩,"4,900원",대통령배송,"4.8
(20)",,https://dogpre.com/product/99058,https://img.funnc.com/mobile/dogpre/product/100/99058_list_L1_01485882.png,"네츄럴랩
네츄럴랩 치카치카 우유 치실껌 M 3개입
4,900원
대통령배송
4.8
(20)"
네츄럴랩 치카치카 우유 치실껌 S 6개입,네츄럴랩,"4,900원",대통령배송,"4.6
(39)",,https://dogpre.com/product/99057,https://img.funnc.com/mobile/dogpre/product/100/99057_list_L1_01665323.png,"네츄럴랩
네츄럴랩 치카치카 우유 치실껌 S 6개입
4,900원
대통령배송
4.6
(39)"
네츄럴랩 치카치카 우유 치실껌 SS 8개입,네츄럴랩,"4,900원",대통령배송,"4.7
(117)",,https://dogpre.com/product/99056,https://img.funnc.com/mobile/dogpre/product/100/99056_list_L1_01182986.png,"네츄럴랩
네츄럴랩 치카치카 우유 치실껌 SS 8개입
4,900원
대통령배송
4.7
(117)"
슈퍼포우 펫밀크 180ml 30개(3박스),슈퍼포우,"39,600원",무료배송,"4.7
(74)",,https://dogpre.com/product/97558,https://img.funnc.com/mobile/dogpre/product/98/97558_list_L1_01953386.png,"슈퍼포우
슈퍼포우 펫밀크 180ml 30개(3박스)
60,000원
4% 39,600원
무료배송
4.7
(74)"
구루머스 밀크껌 1개입 10묶음,구루머스,"14,600원",대통령배송,"4.4
(935)",,https://dogpre.com/product/41906?bundleOptionId=165224,https://img.funnc.com/mobile/dogpre/product/95/94126_list_L1_2887.png,"구루머스
구루머스 밀크껌 1개입 10묶음
14,600원
대통령배송
4.4
(935)"
닥터할리 펫 밀크 유산균 180ml 10묶음,닥터할리,"17,000원",대통령배송,"4.8
(2,040)",,https://dogpre.com/product/54884?bundleOptionId=165081,https://img.funnc.com/mobile/dogpre/product/95/94101_list_L1_8477.png,"닥터할리
닥터할리 펫 밀크 유산균 180ml 10묶음
17,000원
대통령배송
4.8
(2,040)"
닥터할리 펫 밀크 바닐라 200ml 10묶음,닥터할리,"16,500원",대통령배송,"4.7
(1,462)",,https://dogpre.com/product/51726?bundleOptionId=165060,https://img.funnc.com/mobile/dogpre/product/95/94095_list_L1_0602.png,"닥터할리
닥터할리 펫 밀크 바닐라 200ml 10묶음
16,500원
대통령배송
4.7
(1,462)"
구루머스 치킨 우유껌 2개입 10묶음,구루머스,"14,600원",대통령배송,"4.7
(4,174)",,https://dogpre.com/product/18982?bundleOptionId=165038,https://img.funnc.com/mobile/dogpre/product/95/94077_list_L1_3042.png,"구루머스
구루머스 치킨 우유껌 2개입 10묶음
14,600원
대통령배송
4.7
(4,174)"
구루머스 밀크껌 2개입 10묶음,구루머스,"12,400원",대통령배송,"4.7
(748)",,https://dogpre.com/product/41909?bundleOptionId=164940,https://img.funnc.com/mobile/dogpre/product/95/94056_list_L1_5870.png,"구루머스
구루머스 밀크껌 2개입 10묶음
12,400원
대통령배송
4.7
(748)"
닥터할리 펫 밀크 시니어 200ml 10묶음,닥터할리,"16,500원",대통령배송,"4.8
(998)",,https://dogpre.com/product/51723?bundleOptionId=164930,https://img.funnc.com/mobile/dogpre/product/95/94051_list_L1_8599.png,"닥터할리
닥터할리 펫 밀크 시니어 200ml 10묶음
16,500원
대통령배송
4.8
(998)"
닥터할리 펫 밀크 카라멜 200ml 10묶음,닥터할리,"16,500원",대통령배송,"4.7
(806)",,https://dogpre.com/product/51729?bundleOptionId=164928,https://img.funnc.com/mobile/dogpre/product/95/94050_list_L1_0534.png,"닥터할리
닥터할리 펫 밀크 카라멜 200ml 10묶음
16,500원
대통령배송
4.7
(806)"
리틀달링 우유스틱 사사미  300g 5묶음,리틀달링,"11,850원",대통령배송,"4.7
(2,357)",,https://dogpre.com/product/20437?bundleOptionId=164922,https://img.funnc.com/mobile/dogpre/product/95/94047_list_L1_7509.png,"리틀달링
리틀달링 우유스틱 사사미  300g 5묶음
11,850원
대통령배송
4.7
(2,357)"
버디펫푸드 우유스틱 사사미 400g 5묶음,버디펫푸드,"21,800원",대통령배송,"4.7
(3,069)",,https://dogpre.com/product/13543?bundleOptionId=160984,https://img.funnc.com/mobile/dogpre/product/94/93277_list_L1_8624.png,"버디펫푸드
버디펫푸드 우유스틱 사사미 400g 5묶음
21,800원
대통령배송
4.7
(3,069)"
ANF 밀크스틱 27개입 4묶음,ANF,"23,200원",대통령배송,"4.6
(6,071)",,https://dogpre.com/product/26304?bundleOptionId=160960,https://img.funnc.com/mobile/dogpre/product/94/93260_list_L1_7174.png,"ANF
ANF 밀크스틱 27개입 4묶음
23,200원
대통령배송
4.6
(6,071)"
구루머스 밀크껌 5개입 4묶음,구루머스,"5,200원",대통령배송,"4.6
(2,057)",,https://dogpre.com/product/41912?bundleOptionId=158765,https://img.funnc.com/mobile/dogpre/product/92/91957_list_L1_7656.png,"구루머스
구루머스 밀크껌 5개입 4묶음
5,200원
대통령배송
4.6
(2,057)"
구루머스 우유스틱 사사미 400g 5묶음,구루머스,"24,700원",대통령배송,"4.8
(3,080)",,https://dogpre.com/product/18199?bundleOptionId=158351,https://img.funnc.com/mobile/dogpre/product/92/91904_list_L1_4442.png,"구루머스
구루머스 우유스틱 사사미 400g 5묶음
24,700원
대통령배송
4.8
(3,080)"
구루머스 치킨 우유껌 1개입 4묶음,구루머스,"7,300원",대통령배송,"4.7
(1,938)",,https://dogpre.com/product/21147?bundleOptionId=158243,https://img.funnc.com/mobile/dogpre/product/92/91843_list_L1_9441.png,"구루머스
구루머스 치킨 우유껌 1개입 4묶음
7,300원
대통령배송
4.7
(1,938)"
구루머스 치킨 우유껌 5개입 4묶음,구루머스,"6,200원",대통령배송,"4.7
(6,207)",,https://dogpre.com/product/18983?bundleOptionId=158188,https://img.funnc.com/mobile/dogpre/product/92/91816_list_L1_9027.png,"구루머스
구루머스 치킨 우유껌 5개입 4묶음
6,200원
대통령배송
4.7
(6,207)"
구루머스 치킨 우유껌 7개입 4묶음,구루머스,"6,960원",대통령배송,"4.7
(13,262)",,https://dogpre.com/product/18984?bundleOptionId=157685,https://img.funnc.com/mobile/dogpre/product/92/91680_list_L1_9005.png,"구루머스
구루머스 치킨 우유껌 7개입 4묶음
6,960원
대통령배송
4.7
(13,262)"
네츄럴코어 밀크 크래커 200g,네츄럴코어,"2,800원",대통령배송,"4.9
(192)",,https://dogpre.com/product/89855,https://img.funnc.com/mobile/dogpre/product/90/89855_list_L1_01419486.png,"네츄럴코어
네츄럴코어 밀크 크래커 200g
2,800원
대통령배송
4.9
(192)"
네츄럴코어 콜라겐 치킨말이 닭가슴살&우유 53g,네츄럴코어,"4,500원",대통령배송,"4.6
(2,341)",,https://dogpre.com/product/89562,https://img.funnc.com/mobile/dogpre/product/90/89562_list_L1_01270652.png,"네츄럴코어
네츄럴코어 콜라겐 치킨말이 닭가슴살&우유 53g
4,500원
대통령배송
4.6
(2,341)"
슈퍼포우 펫밀크 180ml 20개(2박스),슈퍼포우,"29,000원",무료배송,"4.7
(74)",,https://dogpre.com/product/88707,https://img.funnc.com/mobile/dogpre/product/89/88707_list_L1_01948133.png,"슈퍼포우
슈퍼포우 펫밀크 180ml 20개(2박스)
29,000원
무료배송
4.7
(74)"
닥터할리 펫 산양유 유산균 펫밀크 180ml,닥터할리,"3,200원",대통령배송,"4.8
(58)",,https://dogpre.com/product/88639,https://img.funnc.com/mobile/dogpre/product/89/88639_list_L1_01398680.png,"닥터할리
닥터할리 펫 산양유 유산균 펫밀크 180ml
3,200원
대통령배송
4.8
(58)"
닥터할리 펫 밀크 유산균 180ml,닥터할리,"1,900원",대통령배송,"4.8
(2,040)",,https://dogpre.com/product/54884?bundleOptionId=165080,https://img.funnc.com/mobile/dogpre/product/55/54884_list_L1_01509433.png,"닥터할리
닥터할리 펫 밀크 유산균 180ml
1,900원
10개 구매 시 개당 1,700원
대통령배송
4.8
(2,040)"
닥터할리 펫 밀크 카라멜 200ml,닥터할리,"1,700원",대통령배송,"4.7
(806)",,https://dogpre.com/product/51729?bundleOptionId=164927,https://img.funnc.com/mobile/dogpre/product/52/51729_list_L1_01310898.png,"닥터할리
닥터할리 펫 밀크 카라멜 200ml
1,700원
10개 구매 시 개당 1,650원
대통령배송
4.7
(806)"
닥터할리 펫 밀크 바닐라 200ml,닥터할리,"1,700원",대통령배송,"4.7
(1,462)",,https://dogpre.com/product/51726?bundleOptionId=165059,https://img.funnc.com/mobile/dogpre/product/52/51726_list_L1_01368243.png,"닥터할리
닥터할리 펫 밀크 바닐라 200ml
1,700원
10개 구매 시 개당 1,650원
대통령배송
4.7
(1,462)"
구루머스 밀크껌 5개입,구루머스,"1,350원",대통령배송,"4.6
(2,057)",,https://dogpre.com/product/41912?bundleOptionId=158764,https://img.funnc.com/mobile/dogpre/product/42/41912_list_L1_3415.png,"구루머스
구루머스 밀크껌 5개입
1,350원
4개 구매 시 개당 1,300원
대통령배송
4.6
(2,057)"
구루머스 밀크껌 2개입,구루머스,"1,350원",대통령배송,"4.7
(748)",,https://dogpre.com/product/41909?bundleOptionId=164939,https://img.funnc.com/mobile/dogpre/product/42/41909_list_L1_01104921.png,"구루머스
구루머스 밀크껌 2개입
1,350원
10개 구매 시 개당 1,240원
대통령배송
4.7
(748)"
구루머스 밀크껌 1개입,구루머스,"1,600원",대통령배송,"4.4
(935)",,https://dogpre.com/product/41906?bundleOptionId=164941,https://img.funnc.com/mobile/dogpre/product/42/41906_list_L1_01528988.png,"구루머스
구루머스 밀크껌 1개입
1,600원
10개 구매 시 개당 1,460원
대통령배송
4.4
(935)"
구루머스 치킨 우유껌 1개입,구루머스,"1,900원",대통령배송,"4.7
(1,938)",,https://dogpre.com/product/21147?bundleOptionId=158242,https://img.funnc.com/mobile/dogpre/product/22/21147_list_L1_6039.png,"구루머스
구루머스 치킨 우유껌 1개입
1,900원
4개 구매 시 개당 1,825원
대통령배송
4.7
(1,938)"
리틀달링 우유스틱 사사미  300g,리틀달링,"2,500원",대통령배송,"4.7
(2,357)",,https://dogpre.com/product/20437?bundleOptionId=164921,https://img.funnc.com/mobile/dogpre/product/21/20437_list_L1_01982815.png,"리틀달링
리틀달링 우유스틱 사사미  300g
2,500원
5개 구매 시 개당 2,370원
대통령배송
4.7
(2,357)"
구루머스 치킨 우유껌 5개입,구루머스,"1,600원",대통령배송,"4.7
(6,207)",,https://dogpre.com/product/18983?bundleOptionId=158187,https://img.funnc.com/mobile/dogpre/product/19/18983_list_L1_2602.png,"구루머스
구루머스 치킨 우유껌 5개입
1,600원
4개 구매 시 개당 1,550원
대통령배송
4.7
(6,207)"
구루머스 치킨 우유껌 2개입,구루머스,"1,600원",대통령배송,"4.7
(4,174)",,https://dogpre.com/product/18982?bundleOptionId=158185,https://img.funnc.com/mobile/dogpre/product/19/18982_list_L1_6058.png,"구루머스
구루머스 치킨 우유껌 2개입
1,600원
10개 구매 시 개당 1,460원
대통령배송
4.7
(4,174)"
구루머스 우유스틱 사사미 400g,구루머스,"5,200원",대통령배송,"4.8
(3,080)",,https://dogpre.com/product/18199?bundleOptionId=158350,https://img.funnc.com/mobile/dogpre/product/19/18199_list_L1_0044.png,"구루머스
구루머스 우유스틱 사사미 400g
5,200원
5개 구매 시 개당 4,940원
대통령배송
4.8
(3,080)"
버디펫푸드 우유스틱 사사미 400g,버디펫푸드,"4,600원",대통령배송,"4.7
(3,069)",,https://dogpre.com/product/13543?bundleOptionId=160983,https://img.funnc.com/mobile/dogpre/product/14/13543_list_L1_2218.png,"버디펫푸드
버디펫푸드 우유스틱 사사미 400g
4,600원
5개 구매 시 개당 4,360원
대통령배송
4.7
(3,069)"
오메가본 치킨 우유껌 소형 5개입,오메가본,"1,100원",대통령배송,"4.5
(1,735)",,https://dogpre.com/product/22880?bundleOptionId=164947,https://img.funnc.com/mobile/dogpre/product/23/22880_list_L1_1854.png,"품절
오메가본
오메가본 치킨 우유껌 소형 5개입
1,100원
10개 구매 시 개당 1,000원
대통령배송
4.5
(1,735)"
아껴줄게 바나나 우유 치실껌 SS 7개입,아껴줄게,"3,800원",대통령배송,"5
(2)",,https://dogpre.com/product/105572,https://img.funnc.com/mobile/dogpre/product/106/105572_list_L1_01539601.jpg,"품절
아껴줄게
아껴줄게 바나나 우유 치실껌 SS 7개입
3,800원
대통령배송
5
(2)"
ANF 밀크스틱 10개입 4묶음,ANF,"24,600원",대통령배송,"4.8
(25)",,https://dogpre.com/product/103400?bundleOptionId=248597,https://img.funnc.com/mobile/dogpre/product/104/103577_list_L1_3365.png,"품절
ANF
ANF 밀크스틱 10개입 4묶음
25,000원
20% 24,600원
대통령배송
4.8
(25)"
ANF 밀크스틱 10개입,ANF,"6,250원",대통령배송,"4.8
(25)",,https://dogpre.com/product/103400?bundleOptionId=248596,https://img.funnc.com/mobile/dogpre/product/104/103400_list_L1_01062383.png,"품절
ANF
ANF 밀크스틱 10개입
6,250원
4개 구매 시 개당 6,150원
대통령배송
4.8
(25)"
서울우유 아이펫밀크 70ml 10개입,서울우유,"13,500원",무료배송,"4.8
(10,484)",,https://dogpre.com/product/102746,https://img.funnc.com/mobile/dogpre/product/103/102746_list_L1_01491986.png,"품절
서울우유
서울우유 아이펫밀크 70ml 10개입
13,500원
무료배송
4.8
(10,484)"
더독 칼슘 밀크 트릿 160g,더독,"13,500원",무료배송,"5
(12)",,https://dogpre.com/product/102089,https://img.funnc.com/mobile/dogpre/product/103/102089_list_L1_01052158.jpg,"품절
더독
더독 칼슘 밀크 트릿 160g
13,500원
무료배송
5
(12)"
도기맨 우유 벌꿀케익 100g 3묶음,도기맨,"8,100원",대통령배송,"4.7
(2,125)",,https://dogpre.com/product/17643?bundleOptionId=201530,https://img.funnc.com/mobile/dogpre/product/100/99249_list_L1_7352.png,"품절
도기맨
도기맨 우유 벌꿀케익 100g 3묶음
8,100원
대통령배송
4.7
(2,125)"
네츄럴랩 건강한치즈 스틱 요거트 100g,네츄럴랩,"4,200원",대통령배송,"4.7
(54)",,https://dogpre.com/product/99117,https://img.funnc.com/mobile/dogpre/product/100/99117_list_L1_01153320.png,"품절
네츄럴랩
네츄럴랩 건강한치즈 스틱 요거트 100g
4,200원
대통령배송
4.7
(54)"
우프니 독 크런치 밀크&고구마&BBQ 70g 3종,우프니,"7,200원",대통령배송,"4.6
(42)",,https://dogpre.com/product/96360,https://img.funnc.com/mobile/dogpre/product/97/96360_list_L1_01010891.png,"품절
우프니
우프니 독 크런치 밀크&고구마&BBQ 70g 3종
7,200원
대통령배송
4.6
(42)"
마이베프 생유베리마치 펫밀크 200ml 10묶음,마이베프,"22,000원",대통령배송,"5
(742)",,https://dogpre.com/product/84845?bundleOptionId=168855,https://img.funnc.com/mobile/dogpre/product/96/95264_list_L1_5179.png,"품절
마이베프
마이베프 생유베리마치 펫밀크 200ml 10묶음
22,000원
대통령배송
5
(742)"
오메가본 치킨 우유껌 소형 5개입 10묶음,오메가본,"10,000원",대통령배송,"4.5
(1,735)",,https://dogpre.com/product/22880?bundleOptionId=165327,https://img.funnc.com/mobile/dogpre/product/95/94137_list_L1_0796.png,"품절
오메가본
오메가본 치킨 우유껌 소형 5개입 10묶음
10,000원
대통령배송
4.5
(1,735)"
네츄럴코어 밀크 크래커 50g,네츄럴코어,900원,대통령배송,"4.8
(508)",,https://dogpre.com/product/89853?bundleOptionId=203078,https://img.funnc.com/mobile/dogpre/product/90/89853_list_L1_01574150.png,"품절
네츄럴코어
네츄럴코어 밀크 크래커 50g
900원
3개 구매 시 개당 300원
대통령배송
4.8
(508)"
로렌츠 플레인 요거트볼 25g,로렌츠,"9,900원",대통령배송,"4.8
(9)",,https://dogpre.com/product/88875,https://img.funnc.com/mobile/dogpre/product/89/88875_list_L1_01981253.png,"품절
로렌츠
로렌츠 플레인 요거트볼 25g
9,900원
대통령배송
4.8
(9)"
로렌츠 딸기 요거트볼 25g,로렌츠,"9,900원",대통령배송,"4.9
(12)",,https://dogpre.com/product/88874,https://img.funnc.com/mobile/dogpre/product/89/88874_list_L1_01930920.png,"품절
로렌츠
로렌츠 딸기 요거트볼 25g
9,900원
대통령배송
4.9
(12)"
로렌츠 블루베리 요거트볼 25g,로렌츠,"9,900원",대통령배송,"5
(6)",,https://dogpre.com/product/88873,https://img.funnc.com/mobile/dogpre/product/89/88873_list_L1_01536177.png,"품절
로렌츠
로렌츠 블루베리 요거트볼 25g
9,900원
대통령배송
5
(6)"
마이베프 생유베리마치 펫밀크 200ml,마이베프,"2,700원",대통령배송,"4.9
(740)",,https://dogpre.com/product/84845?bundleOptionId=168854,https://img.funnc.com/mobile/dogpre/product/85/84845_list_L1_01488044.png,"품절
마이베프
마이베프 생유베리마치 펫밀크 200ml
2,700원
10개 구매 시 개당 2,200원
대통령배송
4.9
(740)"
건국목장 비피더스 장 유산균 우유 180ml,건국유업 생활건강,"1,800원",대통령배송,"4.7
(78)",,https://dogpre.com/product/56575,https://img.funnc.com/mobile/dogpre/product/57/56575_list_L1_01176939.png,"품절
건국유업 생활건강
건국목장 비피더스 장 유산균 우유 180ml
1,800원
대통령배송
4.7
(78)"
도기맨 우유 벌꿀케익 100g,도기맨,"2,800원",대통령배송,"4.7
(2,125)",,https://dogpre.com/product/17643?bundleOptionId=201529,https://img.funnc.com/mobile/dogpre/product/18/17643_list_L1_01185170.png,"품절
도기맨
도기맨 우유 벌꿀케익 100g
2,800원
3개 구매 시 개당 2,700원
대통령배송
4.7
(2,125)"
