상품명,브랜드/판매자,가격,배송정보,평점정보,성분정보,링크,이미지URL,텍스트
페슬러 느린육포 닭가슴살 대용량 육포 200g,페슬러,"14,900원",대통령배송,"5
(4)",,https://dogpre.com/product/105765,https://img.funnc.com/mobile/dogpre/product/106/105765_list_L1_01870243.jpg,"페슬러
페슬러 느린육포 닭가슴살 대용량 육포 200g
14,900원
대통령배송
5
(4)"
자연목장 쫄깃 콜라겐 육포 소고기 500g,자연목장,"13,000원",대통령배송,"5
(6)",,https://dogpre.com/product/102412,https://img.funnc.com/mobile/dogpre/product/103/102412_list_L1_01165395.png,"자연목장
자연목장 쫄깃 콜라겐 육포 소고기 500g
13,000원
대통령배송
5
(6)"
THE 건강한 형제 소간육포 75g,THE 건강한 형제,"4,900원",대통령배송,"4.7
(129)",,https://dogpre.com/product/87713,https://img.funnc.com/mobile/dogpre/product/88/87713_list_L1_01587765.png,"THE 건강한 형제
THE 건강한 형제 소간육포 75g
4,900원
대통령배송
4.7
(129)"
간택 가리비관자살 슬라이스 30g,간택,"3,600원",대통령배송,"5
(1)",,https://dogpre.com/product/106494,https://img.funnc.com/mobile/dogpre/product/107/106494_list_L1_01141318.png,"간택
간택 가리비관자살 슬라이스 30g
3,600원
대통령배송
5
(1)"
리얼미트 소 육포 슬라이스 400g,리얼미트,"15,000원",대통령배송,"5
(59)",,https://dogpre.com/product/102143,https://img.funnc.com/mobile/dogpre/product/103/102143_list_L1_01679707.png,"리얼미트
리얼미트 소 육포 슬라이스 400g
15,000원
대통령배송
5
(59)"
브리더랩 롤롤 연어&대구포 100g,브리더랩,"2,400원",대통령배송,"4.9
(1,670)",,https://dogpre.com/product/83170?bundleOptionId=,https://img.funnc.com/mobile/dogpre/product/84/83170_list_L1_01022404.png,"브리더랩
브리더랩 롤롤 연어&대구포 100g
2,400원
대통령배송
4.9
(1,670)"
버디펫푸드 슬라이스 400g,버디펫푸드,"4,600원",대통령배송,"4.7
(1,791)",,https://dogpre.com/product/9885?bundleOptionId=160971,https://img.funnc.com/mobile/dogpre/product/10/9885_list_L1_4356.png,"버디펫푸드
버디펫푸드 슬라이스 400g
6,000원
56% 4,600원
5개 구매 시 개당 4,360원
대통령배송
4.7
(1,791)"
미스터 쿡 소고기 슬라이스 300g,미스터 쿡,"2,900원",대통령배송,"4.8
(5,293)",,https://dogpre.com/product/48443?bundleOptionId=158225,https://img.funnc.com/mobile/dogpre/product/49/48443_list_L1_2256.png,"미스터 쿡
미스터 쿡 소고기 슬라이스 300g
2,900원
5개 구매 시 개당 2,750원
대통령배송
4.8
(5,293)"
진짜육포 소고기 180g,진짜육포,"6,500원",대통령배송,"4.9
(387)",,https://dogpre.com/product/105832?bundleOptionId=277321,https://img.funnc.com/mobile/dogpre/product/106/105832_list_L1_01464776.png,"진짜육포
진짜육포 소고기 180g
6,500원
3개 구매 시 개당 6,100원
대통령배송
4.9
(387)"
포켄스 뉴트리션 트릿 피부&피모 800g,포켄스,"47,000원",대통령배송,"4.8
(56)",,https://dogpre.com/product/74254,https://img.funnc.com/mobile/dogpre/product/75/74254_list_L1_01276551.png,"포켄스
포켄스 뉴트리션 트릿 피부&피모 800g
47,000원
대통령배송
4.8
(56)"
굿데이 건강한육포 닭가슴살 스틱 300g,굿데이,"11,500원",대통령배송,"4.7
(804)",,https://dogpre.com/product/99099,https://img.funnc.com/mobile/dogpre/product/100/99099_list_L1_01822889.png,"굿데이
굿데이 건강한육포 닭가슴살 스틱 300g
13,000원
35% 11,500원
대통령배송
4.7
(804)"
진짜육포 양고기 180g 3묶음,진짜육포,"18,300원",대통령배송,"4.7
(275)",,https://dogpre.com/product/105830?bundleOptionId=282232,https://img.funnc.com/mobile/dogpre/product/106/105830_list_L1_01823667.png,"진짜육포
진짜육포 양고기 180g 3묶음
18,300원
대통령배송
4.7
(275)"
진짜육포 진짜채소 단호박&유산균 180g,진짜육포,"5,500원",대통령배송,"4.9
(64)",,https://dogpre.com/product/106546,https://img.funnc.com/mobile/dogpre/product/107/106546_list_L1_01000232.png,"1일 남음
진짜육포
진짜육포 진짜채소 단호박&유산균 180g
10,000원
45% 5,500원
대통령배송
4.9
(64)"
진짜육포 진짜채소 당근&유산균 180g,진짜육포,"5,500원",대통령배송,"4.8
(74)",,https://dogpre.com/product/106545,https://img.funnc.com/mobile/dogpre/product/107/106545_list_L1_01866601.png,"1일 남음
진짜육포
진짜육포 진짜채소 당근&유산균 180g
10,000원
45% 5,500원
대통령배송
4.8
(74)"
아스쿠 게맛살 슬라이스 30g,아스쿠,"3,600원",대통령배송,"4.5
(420)",,https://dogpre.com/product/106506,https://img.funnc.com/mobile/dogpre/product/107/106506_list_L1_01607572.png,"아스쿠
아스쿠 게맛살 슬라이스 30g
3,600원
대통령배송
4.5
(420)"
아스쿠 모정 양고기&어포샌드 저키 100g,아스쿠,"4,500원",대통령배송,"4.6
(429)",,https://dogpre.com/product/106498,https://img.funnc.com/mobile/dogpre/product/107/106498_list_L1_01190450.png,"아스쿠
아스쿠 모정 양고기&어포샌드 저키 100g
4,500원
대통령배송
4.6
(429)"
진짜육포 오리고기 180g 3묶음,진짜육포,"18,300원",대통령배송,"4.8
(291)",,https://dogpre.com/product/105831?bundleOptionId=278292,https://img.funnc.com/mobile/dogpre/product/106/105831_list_L1_01244902.png,"진짜육포
진짜육포 오리고기 180g 3묶음
18,300원
대통령배송
4.8
(291)"
진짜육포 황태 180g 3묶음,진짜육포,"18,300원",대통령배송,"4.8
(233)",,https://dogpre.com/product/105829?bundleOptionId=278287,https://img.funnc.com/mobile/dogpre/product/106/105829_list_L1_01150325.png,"진짜육포
진짜육포 황태 180g 3묶음
18,300원
대통령배송
4.8
(233)"
진짜육포 연어 180g 3묶음,진짜육포,"18,300원",대통령배송,"4.9
(287)",,https://dogpre.com/product/105828?bundleOptionId=278050,https://img.funnc.com/mobile/dogpre/product/106/105828_list_L1_01286795.png,"진짜육포
진짜육포 연어 180g 3묶음
18,300원
대통령배송
4.9
(287)"
진짜육포 닭고기 180g 3묶음,진짜육포,"18,300원",대통령배송,"5
(3)",,https://dogpre.com/product/105594?bundleOptionId=277324,https://img.funnc.com/mobile/dogpre/product/107/106058_list_L1_2855.png,"진짜육포
진짜육포 닭고기 180g 3묶음
18,300원
대통령배송
5
(3)"
진짜육포 소고기 180g 3묶음,진짜육포,"18,300원",대통령배송,"4.9
(387)",,https://dogpre.com/product/105832?bundleOptionId=277322,https://img.funnc.com/mobile/dogpre/product/107/106057_list_L1_1750.png,"진짜육포
진짜육포 소고기 180g 3묶음
18,300원
대통령배송
4.9
(387)"
안심져키 양고기 슬라이스 300g,안심져키,"2,000원",대통령배송,"5
(4)",,https://dogpre.com/product/105890,https://img.funnc.com/mobile/dogpre/product/106/105890_list_L1_01406198.jpg,"안심져키
안심져키 양고기 슬라이스 300g
2,000원
대통령배송
5
(4)"
안심져키 소고기 슬라이스 300g,안심져키,"2,000원",대통령배송,"5
(3)",,https://dogpre.com/product/105887,https://img.funnc.com/mobile/dogpre/product/106/105887_list_L1_01747393.jpg,"안심져키
안심져키 소고기 슬라이스 300g
2,000원
대통령배송
5
(3)"
안심져키 치킨 슬라이스 300g,안심져키,"2,000원",대통령배송,"5
(3)",,https://dogpre.com/product/105883,https://img.funnc.com/mobile/dogpre/product/106/105883_list_L1_01289735.jpg,"안심져키
안심져키 치킨 슬라이스 300g
2,000원
대통령배송
5
(3)"
안심져키 오리 슬라이스 300g,안심져키,"2,000원",대통령배송,"5
(2)",,https://dogpre.com/product/105880,https://img.funnc.com/mobile/dogpre/product/106/105880_list_L1_01368800.jpg,"안심져키
안심져키 오리 슬라이스 300g
2,000원
대통령배송
5
(2)"
진짜육포 오리고기 180g,진짜육포,"6,500원",대통령배송,"4.8
(291)",,https://dogpre.com/product/105831?bundleOptionId=278291,https://img.funnc.com/mobile/dogpre/product/106/105831_list_L1_01244902.png,"진짜육포
진짜육포 오리고기 180g
6,500원
3개 구매 시 개당 6,100원
대통령배송
4.8
(291)"
진짜육포 양고기 180g,진짜육포,"6,500원",대통령배송,"4.8
(255)",,https://dogpre.com/product/105830?bundleOptionId=282231,https://img.funnc.com/mobile/dogpre/product/106/105830_list_L1_01823667.png,"진짜육포
진짜육포 양고기 180g
6,500원
3개 구매 시 개당 6,100원
대통령배송
4.8
(255)"
진짜육포 황태 180g,진짜육포,"6,500원",대통령배송,"4.8
(233)",,https://dogpre.com/product/105829?bundleOptionId=278286,https://img.funnc.com/mobile/dogpre/product/106/105829_list_L1_01150325.png,"진짜육포
진짜육포 황태 180g
6,500원
3개 구매 시 개당 6,100원
대통령배송
4.8
(233)"
진짜육포 연어 180g,진짜육포,"6,500원",대통령배송,"4.8
(265)",,https://dogpre.com/product/105828?bundleOptionId=278049,https://img.funnc.com/mobile/dogpre/product/106/105828_list_L1_01286795.png,"진짜육포
진짜육포 연어 180g
6,500원
3개 구매 시 개당 6,100원
대통령배송
4.8
(265)"
진짜육포 닭고기 180g,진짜육포,"6,500원",대통령배송,"5
(3)",,https://dogpre.com/product/105594?bundleOptionId=277323,https://img.funnc.com/mobile/dogpre/product/106/105594_list_L1_01754579.png,"진짜육포
진짜육포 닭고기 180g
6,500원
3개 구매 시 개당 6,100원
대통령배송
5
(3)"
굿데이 더네이쳐 연어 육포 100g,굿데이,"3,300원",대통령배송,"5
(3)",,https://dogpre.com/product/105466,https://img.funnc.com/mobile/dogpre/product/106/105466_list_L1_01521415.jpg,"굿데이
굿데이 더네이쳐 연어 육포 100g
3,300원
대통령배송
5
(3)"
굿데이 더네이쳐 소고기 육포 100g,굿데이,"3,000원",대통령배송,"5
(3)",,https://dogpre.com/product/105464,https://img.funnc.com/mobile/dogpre/product/106/105464_list_L1_01141464.jpg,"1일 남음
굿데이
굿데이 더네이쳐 소고기 육포 100g
4,000원
25% 3,000원
대통령배송
5
(3)"
굿데이 건강한육포 참치 스틱 100g,굿데이,"4,300원",대통령배송,"5
(1)",,https://dogpre.com/product/105462,https://img.funnc.com/mobile/dogpre/product/106/105462_list_L1_01021314.png,"굿데이
굿데이 건강한육포 참치 스틱 100g
5,500원
25% 4,300원
대통령배송
5
(1)"
오래오래프로젝트 깨끗한 육포 못난이 소우신 250g,오래오래 프로젝트,"39,900원",무료배송,"1
(1)",,https://dogpre.com/product/104697,https://img.funnc.com/mobile/dogpre/product/105/104697_list_L1_01071526.jpg,"오래오래 프로젝트
오래오래프로젝트 깨끗한 육포 못난이 소우신 250g
39,900원
무료배송
1
(1)"
리틀달링 어포 샌드 300g,리틀달링,"2,500원",대통령배송,"4.5
(11)",,https://dogpre.com/product/104677,https://img.funnc.com/mobile/dogpre/product/105/104677_list_L1_01549510.jpg,"리틀달링
리틀달링 어포 샌드 300g
2,500원
대통령배송
4.5
(11)"
맛있구마 슬라이스 200g,맛있구마,"2,400원",대통령배송,"4.9
(7)",,https://dogpre.com/product/104658,https://img.funnc.com/mobile/dogpre/product/105/104658_list_L1_01657300.png,"맛있구마
맛있구마 슬라이스 200g
2,400원
대통령배송
4.9
(7)"
더독 미트코트 스위트포테이토 오리 80g,더독,"3,500원",대통령배송,"4.9
(14)",,https://dogpre.com/product/103744,https://img.funnc.com/mobile/dogpre/product/104/103744_list_L1_01009485.png,"더독
더독 미트코트 스위트포테이토 오리 80g
3,500원
대통령배송
4.9
(14)"
네츄럴코어 씹기편한 덕 슬라이스 75g,네츄럴코어,"4,050원",대통령배송,"4.8
(34)",,https://dogpre.com/product/103624?bundleOptionId=,https://img.funnc.com/mobile/dogpre/product/104/103624_list_L1_01402306.png,"네츄럴코어
네츄럴코어 씹기편한 덕 슬라이스 75g
4,050원
대통령배송
4.8
(34)"
네츄럴코어 씹기편한 치킨 슬라이스 75g,네츄럴코어,"4,050원",대통령배송,"4.9
(39)",,https://dogpre.com/product/103622?bundleOptionId=,https://img.funnc.com/mobile/dogpre/product/104/103622_list_L1_01114212.png,"네츄럴코어
네츄럴코어 씹기편한 치킨 슬라이스 75g
4,050원
대통령배송
4.9
(39)"
오래오래프로젝트 깨끗한 육포 통장어 200g,오래오래 프로젝트,"32,900원",무료배송,"5
(1)",,https://dogpre.com/product/103280,https://img.funnc.com/mobile/dogpre/product/104/103280_list_L1_01953481.jpg,"오래오래 프로젝트
오래오래프로젝트 깨끗한 육포 통장어 200g
32,900원
무료배송
5
(1)"
[유통기한 25.07.03] 리치즈 포크베지스틱 20개입,리치즈,"22,900원",대통령배송,"5
(3)",,https://dogpre.com/product/102992,https://img.funnc.com/mobile/dogpre/product/103/102992_list_L1_01700443.png,"리치즈
[유통기한 25.07.03] 리치즈 포크베지스틱 20개입
22,900원
대통령배송
5
(3)"
자연목장 쫄깃 콜라겐 육포 오리고기 500g,자연목장,"13,000원",대통령배송,"5
(7)",,https://dogpre.com/product/102414,https://img.funnc.com/mobile/dogpre/product/103/102414_list_L1_01883169.png,"자연목장
자연목장 쫄깃 콜라겐 육포 오리고기 500g
13,000원
대통령배송
5
(7)"
자연목장 쫄깃 콜라겐 육포 황태 500g,자연목장,"13,000원",대통령배송,"4.9
(11)",,https://dogpre.com/product/102413,https://img.funnc.com/mobile/dogpre/product/103/102413_list_L1_01265733.png,"자연목장
자연목장 쫄깃 콜라겐 육포 황태 500g
13,000원
대통령배송
4.9
(11)"
네츄럴코어 오븐에 구운 아귀포 27g 5묶음,네츄럴코어,"12,500원",대통령배송,"4.7
(58)",,https://dogpre.com/product/102045?bundleOptionId=231888,https://img.funnc.com/mobile/dogpre/product/103/102377_list_L1_3204.png,"네츄럴코어
네츄럴코어 오븐에 구운 아귀포 27g 5묶음
12,500원
대통령배송
4.7
(58)"
슈퍼포우 바이타민츄L (10개입),슈퍼포우,"18,800원",무료배송,"4.7
(9)",,https://dogpre.com/product/102248,https://img.funnc.com/mobile/dogpre/product/103/102248_list_L1_01248594.png,"슈퍼포우
슈퍼포우 바이타민츄L (10개입)
18,800원
무료배송
4.7
(9)"
리얼미트 소 육포 70g,리얼미트,"2,800원",대통령배송,"4.9
(61)",,https://dogpre.com/product/102163,https://img.funnc.com/mobile/dogpre/product/103/102163_list_L1_01173763.png,"리얼미트
리얼미트 소 육포 70g
2,800원
대통령배송
4.9
(61)"
리얼미트 오리 육포 70g,리얼미트,"2,800원",대통령배송,"4.9
(17)",,https://dogpre.com/product/102162,https://img.funnc.com/mobile/dogpre/product/103/102162_list_L1_01333537.png,"리얼미트
리얼미트 오리 육포 70g
2,800원
대통령배송
4.9
(17)"
리얼미트 닭가슴살 육포 40g,리얼미트,"2,800원",대통령배송,"4.7
(20)",,https://dogpre.com/product/102159,https://img.funnc.com/mobile/dogpre/product/103/102159_list_L1_01535312.png,"리얼미트
리얼미트 닭가슴살 육포 40g
2,800원
대통령배송
4.7
(20)"
리얼미트 돼지 귀 슬라이스 50g,리얼미트,"2,800원",대통령배송,"5
(57)",,https://dogpre.com/product/102157,https://img.funnc.com/mobile/dogpre/product/103/102157_list_L1_01401225.png,"리얼미트
리얼미트 돼지 귀 슬라이스 50g
2,800원
대통령배송
5
(57)"
리얼미트 소 육포 400g,리얼미트,"15,000원",대통령배송,"4.9
(61)",,https://dogpre.com/product/102142,https://img.funnc.com/mobile/dogpre/product/103/102142_list_L1_01484383.png,"리얼미트
리얼미트 소 육포 400g
15,000원
대통령배송
4.9
(61)"
리얼미트 오리 육포 400g,리얼미트,"15,000원",대통령배송,"5
(34)",,https://dogpre.com/product/102141,https://img.funnc.com/mobile/dogpre/product/103/102141_list_L1_01158845.png,"리얼미트
리얼미트 오리 육포 400g
15,000원
대통령배송
5
(34)"
리얼미트 닭가슴살 육포 260g,리얼미트,"15,000원",대통령배송,"4.9
(35)",,https://dogpre.com/product/102138,https://img.funnc.com/mobile/dogpre/product/103/102138_list_L1_01957863.png,"리얼미트
리얼미트 닭가슴살 육포 260g
15,000원
대통령배송
4.9
(35)"
리얼미트 돼지 귀 슬라이스 300g,리얼미트,"15,000원",대통령배송,"5
(57)",,https://dogpre.com/product/102136,https://img.funnc.com/mobile/dogpre/product/103/102136_list_L1_01882845.png,"리얼미트
리얼미트 돼지 귀 슬라이스 300g
15,000원
대통령배송
5
(57)"
네츄럴코어 오븐에 구운 아귀포 27g,네츄럴코어,"3,200원",대통령배송,"4.7
(58)",,https://dogpre.com/product/102045?bundleOptionId=231887,https://img.funnc.com/mobile/dogpre/product/103/102045_list_L1_01971462.png,"네츄럴코어
네츄럴코어 오븐에 구운 아귀포 27g
3,200원
5개 구매 시 개당 2,500원
대통령배송
4.7
(58)"
네츄럴코어 포크&치즈 컷트 23g 5묶음,네츄럴코어,"12,500원",대통령배송,"4.8
(415)",,https://dogpre.com/product/88472?bundleOptionId=221311,https://img.funnc.com/mobile/dogpre/product/102/101498_list_L1_5805.png,"네츄럴코어
네츄럴코어 포크&치즈 컷트 23g 5묶음
12,500원
대통령배송
4.8
(415)"
네츄럴코어 대구&호박 슬라이스 30g 4묶음,네츄럴코어,"8,400원",대통령배송,"4.8
(206)",,https://dogpre.com/product/101225?bundleOptionId=221296,https://img.funnc.com/mobile/dogpre/product/102/101491_list_L1_2736.png,"네츄럴코어
네츄럴코어 대구&호박 슬라이스 30g 4묶음
8,400원
대통령배송
4.8
(206)"
네츄럴코어 대구&호박 슬라이스 30g,네츄럴코어,"2,200원",대통령배송,"4.8
(206)",,https://dogpre.com/product/101225?bundleOptionId=221295,https://img.funnc.com/mobile/dogpre/product/102/101225_list_L1_01958463.png,"네츄럴코어
네츄럴코어 대구&호박 슬라이스 30g
2,200원
4개 구매 시 개당 2,100원
대통령배송
4.8
(206)"
슈퍼포우 바나나츄L (10개입),슈퍼포우,"18,800원",무료배송,"4.8
(15)",,https://dogpre.com/product/100961,https://img.funnc.com/mobile/dogpre/product/101/100961_list_L1_01497781.png,"슈퍼포우
슈퍼포우 바나나츄L (10개입)
18,800원
무료배송
4.8
(15)"
오래오래프로젝트 깨끗한 육포 말고기 200g,오래오래 프로젝트,"33,900원",무료배송,"4.7
(8)",,https://dogpre.com/product/99599,https://img.funnc.com/mobile/dogpre/product/100/99599_list_L1_01229655.png,"오래오래 프로젝트
오래오래프로젝트 깨끗한 육포 말고기 200g
33,900원
무료배송
4.7
(8)"
오래오래프로젝트 깨끗한 육포 캥거루 200g,오래오래 프로젝트,"33,900원",무료배송,"4.9
(6)",,https://dogpre.com/product/99596,https://img.funnc.com/mobile/dogpre/product/100/99596_list_L1_01886066.png,"오래오래 프로젝트
오래오래프로젝트 깨끗한 육포 캥거루 200g
33,900원
무료배송
4.9
(6)"
슈퍼포우 후코이단츄L (10개입),슈퍼포우,"18,800원",무료배송,"4.8
(13)",,https://dogpre.com/product/99586,https://img.funnc.com/mobile/dogpre/product/100/99586_list_L1_01633661.png,"슈퍼포우
슈퍼포우 후코이단츄L (10개입)
18,800원
무료배송
4.8
(13)"
굿데이 건강한육포 소고기 소프트 육포 300g,굿데이,"12,900원",대통령배송,"4.8
(256)",,https://dogpre.com/product/99113,https://img.funnc.com/mobile/dogpre/product/100/99113_list_L1_01479033.png,"굿데이
굿데이 건강한육포 소고기 소프트 육포 300g
12,900원
대통령배송
4.8
(256)"
굿데이 건강한육포 소고기 육포 300g,굿데이,"12,900원",대통령배송,"4.8
(56)",,https://dogpre.com/product/99112,https://img.funnc.com/mobile/dogpre/product/100/99112_list_L1_01239201.png,"굿데이
굿데이 건강한육포 소고기 육포 300g
12,900원
대통령배송
4.8
(56)"
굿데이 건강한육포 오리가슴살말이 고구마 300g,굿데이,"11,400원",대통령배송,"4.8
(43)",,https://dogpre.com/product/99111,https://img.funnc.com/mobile/dogpre/product/100/99111_list_L1_01305994.png,"굿데이
굿데이 건강한육포 오리가슴살말이 고구마 300g
11,400원
대통령배송
4.8
(43)"
굿데이 건강한육포 닭가슴살말이 고구마 300g,굿데이,"11,400원",대통령배송,"4.8
(42)",,https://dogpre.com/product/99110,https://img.funnc.com/mobile/dogpre/product/100/99110_list_L1_01991611.png,"굿데이
굿데이 건강한육포 닭가슴살말이 고구마 300g
11,400원
대통령배송
4.8
(42)"
굿데이 건강한육포 오리가슴살말이 황태 240g,굿데이,"12,500원",대통령배송,"4.9
(86)",,https://dogpre.com/product/99109,https://img.funnc.com/mobile/dogpre/product/100/99109_list_L1_01768140.png,"굿데이
굿데이 건강한육포 오리가슴살말이 황태 240g
12,500원
대통령배송
4.9
(86)"
굿데이 건강한육포 닭가슴살말이 황태 240g,굿데이,"12,500원",대통령배송,"4.9
(74)",,https://dogpre.com/product/99108,https://img.funnc.com/mobile/dogpre/product/100/99108_list_L1_01702713.png,"굿데이
굿데이 건강한육포 닭가슴살말이 황태 240g
12,500원
대통령배송
4.9
(74)"
굿데이 건강한육포 오리가슴살 소프트 스틱 300g,굿데이,"11,500원",대통령배송,"4.7
(397)",,https://dogpre.com/product/99107,https://img.funnc.com/mobile/dogpre/product/100/99107_list_L1_01923699.png,"굿데이
굿데이 건강한육포 오리가슴살 소프트 스틱 300g
11,500원
대통령배송
4.7
(397)"
굿데이 건강한육포 오리가슴살 소프트 슬라이스 300g,굿데이,"11,500원",대통령배송,"4.7
(449)",,https://dogpre.com/product/99106,https://img.funnc.com/mobile/dogpre/product/100/99106_list_L1_01655126.png,"굿데이
굿데이 건강한육포 오리가슴살 소프트 슬라이스 300g
11,500원
대통령배송
4.7
(449)"
굿데이 건강한육포 오리가슴살 슬라이스 300g,굿데이,"11,500원",대통령배송,"4.8
(94)",,https://dogpre.com/product/99105,https://img.funnc.com/mobile/dogpre/product/100/99105_list_L1_01611368.png,"굿데이
굿데이 건강한육포 오리가슴살 슬라이스 300g
11,500원
대통령배송
4.8
(94)"
굿데이 건강한육포 오리가슴살 트위스트 300g,굿데이,"11,500원",대통령배송,"4.9
(71)",,https://dogpre.com/product/99103,https://img.funnc.com/mobile/dogpre/product/100/99103_list_L1_01287403.png,"굿데이
굿데이 건강한육포 오리가슴살 트위스트 300g
11,500원
대통령배송
4.9
(71)"
굿데이 건강한육포 닭가슴살 소프트스틱 300g,굿데이,"11,500원",대통령배송,"4.9
(148)",,https://dogpre.com/product/99102,https://img.funnc.com/mobile/dogpre/product/100/99102_list_L1_01744060.png,"굿데이
굿데이 건강한육포 닭가슴살 소프트스틱 300g
11,500원
대통령배송
4.9
(148)"
굿데이 건강한육포 쫄깃 닭가슴살 슬라이스 300g,굿데이,"11,500원",대통령배송,"4.8
(658)",,https://dogpre.com/product/99101,https://img.funnc.com/mobile/dogpre/product/100/99101_list_L1_01552229.png,"굿데이
굿데이 건강한육포 쫄깃 닭가슴살 슬라이스 300g
11,500원
대통령배송
4.8
(658)"
굿데이 건강한육포 미니 닭가슴살 300g,굿데이,"11,500원",대통령배송,"4.9
(244)",,https://dogpre.com/product/99100,https://img.funnc.com/mobile/dogpre/product/100/99100_list_L1_01080810.png,"굿데이
굿데이 건강한육포 미니 닭가슴살 300g
11,500원
대통령배송
4.9
(244)"
굿데이 건강한육포 건조 닭가슴살 육포 300g,굿데이,"12,500원",대통령배송,"4.8
(190)",,https://dogpre.com/product/99098,https://img.funnc.com/mobile/dogpre/product/100/99098_list_L1_01408971.png,"굿데이
굿데이 건강한육포 건조 닭가슴살 육포 300g
12,500원
대통령배송
4.8
(190)"
굿데이 건강한육포 오리가슴살말이 황태 80g,굿데이,"4,800원",대통령배송,"4.9
(86)",,https://dogpre.com/product/99097,https://img.funnc.com/mobile/dogpre/product/100/99097_list_L1_01750856.png,"굿데이
굿데이 건강한육포 오리가슴살말이 황태 80g
4,800원
대통령배송
4.9
(86)"
굿데이 건강한육포 닭가슴살말이 황태 80g,굿데이,"4,800원",대통령배송,"4.9
(74)",,https://dogpre.com/product/99096,https://img.funnc.com/mobile/dogpre/product/100/99096_list_L1_01451731.png,"굿데이
굿데이 건강한육포 닭가슴살말이 황태 80g
4,800원
대통령배송
4.9
(74)"
굿데이 건강한육포 소고기 소프트 육포 100g,굿데이,"4,900원",대통령배송,"4.8
(256)",,https://dogpre.com/product/99089,https://img.funnc.com/mobile/dogpre/product/100/99089_list_L1_01213968.png,"굿데이
굿데이 건강한육포 소고기 소프트 육포 100g
4,900원
대통령배송
4.8
(256)"
굿데이 건강한육포 소고기 육포 100g,굿데이,"4,900원",대통령배송,"4.8
(56)",,https://dogpre.com/product/99088,https://img.funnc.com/mobile/dogpre/product/100/99088_list_L1_01263498.png,"굿데이
굿데이 건강한육포 소고기 육포 100g
4,900원
대통령배송
4.8
(56)"
굿데이 건강한육포 오리가슴살 소프트 스틱 100g,굿데이,"3,900원",대통령배송,"4.7
(397)",,https://dogpre.com/product/99082,https://img.funnc.com/mobile/dogpre/product/100/99082_list_L1_01982611.png,"굿데이
굿데이 건강한육포 오리가슴살 소프트 스틱 100g
3,900원
대통령배송
4.7
(397)"
굿데이 건강한육포 오리가슴살 슬라이스 100g,굿데이,"3,900원",대통령배송,"4.8
(94)",,https://dogpre.com/product/99081,https://img.funnc.com/mobile/dogpre/product/100/99081_list_L1_01011659.png,"굿데이
굿데이 건강한육포 오리가슴살 슬라이스 100g
3,900원
대통령배송
4.8
(94)"
굿데이 건강한육포 오리가슴살 소프트 슬라이스 100g,굿데이,"3,900원",대통령배송,"4.7
(449)",,https://dogpre.com/product/99080,https://img.funnc.com/mobile/dogpre/product/100/99080_list_L1_01775033.png,"굿데이
굿데이 건강한육포 오리가슴살 소프트 슬라이스 100g
3,900원
대통령배송
4.7
(449)"
굿데이 건강한육포 오리가슴살 스틱 100g,굿데이,"3,900원",대통령배송,"4.9
(67)",,https://dogpre.com/product/99079,https://img.funnc.com/mobile/dogpre/product/100/99079_list_L1_01558688.png,"굿데이
굿데이 건강한육포 오리가슴살 스틱 100g
3,900원
대통령배송
4.9
(67)"
굿데이 건강한육포 오리가슴살 트위스트 100g,굿데이,"3,900원",대통령배송,"4.9
(71)",,https://dogpre.com/product/99078,https://img.funnc.com/mobile/dogpre/product/100/99078_list_L1_01014489.png,"굿데이
굿데이 건강한육포 오리가슴살 트위스트 100g
3,900원
대통령배송
4.9
(71)"
굿데이 건강한육포 토끼귀 닭가슴살말이 80g,굿데이,"3,900원",대통령배송,"5
(73)",,https://dogpre.com/product/99077,https://img.funnc.com/mobile/dogpre/product/100/99077_list_L1_01650258.png,"굿데이
굿데이 건강한육포 토끼귀 닭가슴살말이 80g
3,900원
대통령배송
5
(73)"
굿데이 건강한육포 건조 닭가슴살 슬라이스 100g,굿데이,"3,900원",대통령배송,"4.7
(262)",,https://dogpre.com/product/99076,https://img.funnc.com/mobile/dogpre/product/100/99076_list_L1_01483490.png,"굿데이
굿데이 건강한육포 건조 닭가슴살 슬라이스 100g
3,900원
대통령배송
4.7
(262)"
굿데이 건강한육포 미니 닭가슴살 100g,굿데이,"3,900원",대통령배송,"4.9
(244)",,https://dogpre.com/product/99075,https://img.funnc.com/mobile/dogpre/product/100/99075_list_L1_01580376.png,"굿데이
굿데이 건강한육포 미니 닭가슴살 100g
3,900원
대통령배송
4.9
(244)"
굿데이 건강한육포 쫄깃 닭가슴살 슬라이스 100g,굿데이,"3,900원",대통령배송,"4.8
(658)",,https://dogpre.com/product/99074,https://img.funnc.com/mobile/dogpre/product/100/99074_list_L1_01630726.png,"굿데이
굿데이 건강한육포 쫄깃 닭가슴살 슬라이스 100g
3,900원
대통령배송
4.8
(658)"
굿데이 건강한육포 닭가슴살 스틱 100g,굿데이,"3,900원",대통령배송,"4.7
(804)",,https://dogpre.com/product/99073,https://img.funnc.com/mobile/dogpre/product/100/99073_list_L1_01591906.png,"굿데이
굿데이 건강한육포 닭가슴살 스틱 100g
3,900원
대통령배송
4.7
(804)"
굿데이 건강한육포 건조 닭가슴살 육포 100g,굿데이,"3,900원",대통령배송,"4.8
(190)",,https://dogpre.com/product/99072,https://img.funnc.com/mobile/dogpre/product/100/99072_list_L1_01852408.png,"굿데이
굿데이 건강한육포 건조 닭가슴살 육포 100g
3,900원
대통령배송
4.8
(190)"
슈퍼포우 펫밀크 180ml 30개(3박스),슈퍼포우,"39,600원",무료배송,"4.7
(74)",,https://dogpre.com/product/97558,https://img.funnc.com/mobile/dogpre/product/98/97558_list_L1_01953386.png,"슈퍼포우
슈퍼포우 펫밀크 180ml 30개(3박스)
60,000원
4% 39,600원
무료배송
4.7
(74)"
슈퍼포우 오래츄L (10개입),슈퍼포우,"18,800원",무료배송,"4.8
(46)",,https://dogpre.com/product/97170,https://img.funnc.com/mobile/dogpre/product/98/97170_list_L1_01452680.png,"슈퍼포우
슈퍼포우 오래츄L (10개입)
18,800원
무료배송
4.8
(46)"
오래오래프로젝트 깨끗한 육포 동결건조 닭가슴살 210g,오래오래 프로젝트,"31,900원",무료배송,"4.7
(9)",,https://dogpre.com/product/96713,https://img.funnc.com/mobile/dogpre/product/97/96713_list_L1_01137975.png,"오래오래 프로젝트
오래오래프로젝트 깨끗한 육포 동결건조 닭가슴살 210g
51,900원
13% 31,900원
무료배송
4.7
(9)"
오래오래프로젝트 깨끗한 육포 바삭 닭가슴살 390g,오래오래 프로젝트,"39,900원",무료배송,"5
(19)",,https://dogpre.com/product/96707,https://img.funnc.com/mobile/dogpre/product/97/96707_list_L1_01883395.png,"오래오래 프로젝트
오래오래프로젝트 깨끗한 육포 바삭 닭가슴살 390g
39,900원
무료배송
5
(19)"
오래오래프로젝트 깨끗한 육포 닭 스틱 400g,오래오래 프로젝트,"39,900원",무료배송,"4.9
(24)",,https://dogpre.com/product/96692,https://img.funnc.com/mobile/dogpre/product/97/96692_list_L1_01674069.png,"오래오래 프로젝트
오래오래프로젝트 깨끗한 육포 닭 스틱 400g
39,900원
무료배송
4.9
(24)"
오래오래프로젝트 깨끗한 육포 오리 스틱 400g,오래오래 프로젝트,"39,900원",무료배송,"4.8
(23)",,https://dogpre.com/product/96689,https://img.funnc.com/mobile/dogpre/product/97/96689_list_L1_01823291.png,"오래오래 프로젝트
오래오래프로젝트 깨끗한 육포 오리 스틱 400g
39,900원
무료배송
4.8
(23)"
브리더랩 롤롤 오리&대구포 100g 8묶음,브리더랩,"20,800원",대통령배송,"4.9
(843)",,https://dogpre.com/product/83169?bundleOptionId=166590,https://img.funnc.com/mobile/dogpre/product/95/94710_list_L1_8428.png,"브리더랩
브리더랩 롤롤 오리&대구포 100g 8묶음
40,000원
53% 20,800원
대통령배송
4.9
(843)"
브리더랩 롤롤 치킨&대구포 100g 8묶음,브리더랩,"20,800원",대통령배송,"4.9
(549)",,https://dogpre.com/product/83168?bundleOptionId=164814,https://img.funnc.com/mobile/dogpre/product/95/94029_list_L1_6727.png,"브리더랩
브리더랩 롤롤 치킨&대구포 100g 8묶음
20,800원
대통령배송
4.9
(549)"
브리더랩 롤롤 소고기&대구포 100g 8묶음,브리더랩,"20,800원",대통령배송,"4.9
(724)",,https://dogpre.com/product/83171?bundleOptionId=164812,https://img.funnc.com/mobile/dogpre/product/95/94028_list_L1_8648.png,"브리더랩
브리더랩 롤롤 소고기&대구포 100g 8묶음
20,800원
대통령배송
4.9
(724)"
리틀달링 어포 사사미 300g 5묶음,리틀달링,"11,850원",대통령배송,"4.8
(569)",,https://dogpre.com/product/62785?bundleOptionId=163276,https://img.funnc.com/mobile/dogpre/product/94/93997_list_L1_0710.png,"리틀달링
리틀달링 어포 사사미 300g 5묶음
11,850원
대통령배송
4.8
(569)"
리틀달링 어포스시 300g 5묶음,리틀달링,"11,850원",대통령배송,"4.7
(376)",,https://dogpre.com/product/62791?bundleOptionId=163272,https://img.funnc.com/mobile/dogpre/product/94/93995_list_L1_8527.png,"리틀달링
리틀달링 어포스시 300g 5묶음
11,850원
대통령배송
4.7
(376)"
버디펫푸드 슬라이스 400g 5묶음,버디펫푸드,"21,800원",대통령배송,"4.7
(1,791)",,https://dogpre.com/product/9885?bundleOptionId=160972,https://img.funnc.com/mobile/dogpre/product/94/93271_list_L1_9129.png,"버디펫푸드
버디펫푸드 슬라이스 400g 5묶음
21,800원
대통령배송
4.7
(1,791)"
포켄스 과일퓨레 펫디저트 망고 7개입,포켄스,"3,900원",대통령배송,"4.7
(54)",,https://dogpre.com/product/93112,https://img.funnc.com/mobile/dogpre/product/94/93112_list_L1_01940865.png,"포켄스
포켄스 과일퓨레 펫디저트 망고 7개입
3,900원
대통령배송
4.7
(54)"
프롬네이처 칠면조 슬라이스  300g 4묶음,프롬네이처,"9,600원",대통령배송,"4.8
(1,135)",,https://dogpre.com/product/55407?bundleOptionId=159555,https://img.funnc.com/mobile/dogpre/product/93/92717_list_L1_6133.png,"프롬네이처
프롬네이처 칠면조 슬라이스  300g 4묶음
9,600원
대통령배송
4.8
(1,135)"
프롬네이처 연어 슬라이스  300g 4묶음,프롬네이처,"9,600원",대통령배송,"4.8
(1,137)",,https://dogpre.com/product/55398?bundleOptionId=159547,https://img.funnc.com/mobile/dogpre/product/93/92713_list_L1_6711.png,"프롬네이처
프롬네이처 연어 슬라이스  300g 4묶음
9,600원
대통령배송
4.8
(1,137)"
프롬네이처 소고기 슬라이스  300g 4묶음,프롬네이처,"9,600원",대통령배송,"4.8
(1,418)",,https://dogpre.com/product/55389?bundleOptionId=159545,https://img.funnc.com/mobile/dogpre/product/93/92712_list_L1_9195.png,"프롬네이처
프롬네이처 소고기 슬라이스  300g 4묶음
9,600원
대통령배송
4.8
(1,418)"
오리사랑 오리연어포 400g 5묶음,오리사랑,"23,750원",대통령배송,"4.6
(2,310)",,https://dogpre.com/product/22337?bundleOptionId=159513,https://img.funnc.com/mobile/dogpre/product/93/92592_list_L1_0736.png,"오리사랑
오리사랑 오리연어포 400g 5묶음
23,750원
대통령배송
4.6
(2,310)"
오리사랑 오리슬라이스 400g 5묶음,오리사랑,"23,750원",대통령배송,"4.7
(1,110)",,https://dogpre.com/product/22338?bundleOptionId=159511,https://img.funnc.com/mobile/dogpre/product/93/92591_list_L1_1821.png,"오리사랑
오리사랑 오리슬라이스 400g 5묶음
23,750원
대통령배송
4.7
(1,110)"
구루머스 슬라이스 사사미 400g 5묶음,구루머스,"24,700원",대통령배송,"4.8
(1,801)",,https://dogpre.com/product/18193?bundleOptionId=158794,https://img.funnc.com/mobile/dogpre/product/92/91973_list_L1_8624.png,"구루머스
구루머스 슬라이스 사사미 400g 5묶음
24,700원
대통령배송
4.8
(1,801)"
미스터 쿡 연어 슬라이스 300g 5묶음,미스터 쿡,"13,750원",대통령배송,"4.8
(3,355)",,https://dogpre.com/product/48455?bundleOptionId=158780,https://img.funnc.com/mobile/dogpre/product/92/91966_list_L1_3423.png,"미스터 쿡
미스터 쿡 연어 슬라이스 300g 5묶음
13,750원
대통령배송
4.8
(3,355)"
구루머스 치킨어포 사사미 400g 5묶음,구루머스,"24,700원",대통령배송,"4.8
(1,979)",,https://dogpre.com/product/18200?bundleOptionId=158778,https://img.funnc.com/mobile/dogpre/product/92/91965_list_L1_2933.png,"구루머스
구루머스 치킨어포 사사미 400g 5묶음
24,700원
대통령배송
4.8
(1,979)"
미스터 쿡 소고기 슬라이스 300g 5묶음,미스터 쿡,"13,750원",대통령배송,"4.8
(5,293)",,https://dogpre.com/product/48443?bundleOptionId=158226,https://img.funnc.com/mobile/dogpre/product/92/91835_list_L1_8104.png,"미스터 쿡
미스터 쿡 소고기 슬라이스 300g 5묶음
13,750원
대통령배송
4.8
(5,293)"
슈퍼포우 펫밀크 180ml 20개(2박스),슈퍼포우,"29,000원",무료배송,"4.7
(74)",,https://dogpre.com/product/88707,https://img.funnc.com/mobile/dogpre/product/89/88707_list_L1_01948133.png,"슈퍼포우
슈퍼포우 펫밀크 180ml 20개(2박스)
29,000원
무료배송
4.7
(74)"
엘리야 치킨슬라이스 100g,엘리야,"7,500원",대통령배송,"4.9
(46)",,https://dogpre.com/product/88646?bundleOptionId=185984,https://img.funnc.com/mobile/dogpre/product/89/88646_list_L1_02538140.png,"엘리야
엘리야 치킨슬라이스 100g
7,500원
4개 구매 시 개당 7,000원
대통령배송
4.9
(46)"
네츄럴코어 포크&치즈 컷트 23g,네츄럴코어,"2,700원",대통령배송,"4.8
(415)",,https://dogpre.com/product/88472?bundleOptionId=192661,https://img.funnc.com/mobile/dogpre/product/89/88472_list_L1_01350481.png,"네츄럴코어
네츄럴코어 포크&치즈 컷트 23g
2,700원
5개 구매 시 개당 2,500원
대통령배송
4.8
(415)"
네츄럴코어 구운 치킨 슬라이스 S 70g,네츄럴코어,"2,600원",대통령배송,"4.8
(88)",,https://dogpre.com/product/88465,https://img.funnc.com/mobile/dogpre/product/89/88465_list_L1_01932855.png,"네츄럴코어
네츄럴코어 구운 치킨 슬라이스 S 70g
3,500원
28% 2,600원
대통령배송
4.8
(88)"
펫슐랭 쉐프의레시피 황태 육포 트릿 800g,펫슐랭,"11,900원",대통령배송,"4.8
(74)",,https://dogpre.com/product/86841,https://img.funnc.com/mobile/dogpre/product/87/86841_list_L1_01979061.png,"펫슐랭
펫슐랭 쉐프의레시피 황태 육포 트릿 800g
11,900원
대통령배송
4.8
(74)"
펫슐랭 쉐프의레시피 오리 육포 트릿 800g,펫슐랭,"11,900원",대통령배송,"4.9
(54)",,https://dogpre.com/product/86840,https://img.funnc.com/mobile/dogpre/product/87/86840_list_L1_01352398.png,"펫슐랭
펫슐랭 쉐프의레시피 오리 육포 트릿 800g
11,900원
대통령배송
4.9
(54)"
펫슐랭 쉐프의레시피 연어 육포 트릿 800g,펫슐랭,"11,900원",대통령배송,"4.9
(64)",,https://dogpre.com/product/86839,https://img.funnc.com/mobile/dogpre/product/87/86839_list_L1_01588888.png,"펫슐랭
펫슐랭 쉐프의레시피 연어 육포 트릿 800g
11,900원
대통령배송
4.9
(64)"
펫슐랭 쉐프의레시피 소고기 육포 트릿 800g,펫슐랭,"11,900원",대통령배송,"4.8
(103)",,https://dogpre.com/product/86838,https://img.funnc.com/mobile/dogpre/product/87/86838_list_L1_01290808.png,"펫슐랭
펫슐랭 쉐프의레시피 소고기 육포 트릿 800g
11,900원
대통령배송
4.8
(103)"
브리더랩 롤롤 소고기&대구포 100g,브리더랩,"2,900원",대통령배송,"4.9
(724)",,https://dogpre.com/product/83171?bundleOptionId=164811,https://img.funnc.com/mobile/dogpre/product/84/83171_list_L1_01554891.png,"브리더랩
브리더랩 롤롤 소고기&대구포 100g
2,900원
8개 구매 시 개당 2,600원
대통령배송
4.9
(724)"
브리더랩 롤롤 오리&대구포 100g,브리더랩,"2,900원",대통령배송,"4.9
(843)",,https://dogpre.com/product/83169?bundleOptionId=166589,https://img.funnc.com/mobile/dogpre/product/84/83169_list_L1_01426599.png,"브리더랩
브리더랩 롤롤 오리&대구포 100g
2,900원
8개 구매 시 개당 2,600원
대통령배송
4.9
(843)"
브리더랩 롤롤 치킨&대구포 100g,브리더랩,"2,900원",대통령배송,"4.9
(549)",,https://dogpre.com/product/83168?bundleOptionId=164813,https://img.funnc.com/mobile/dogpre/product/84/83168_list_L1_01757484.png,"브리더랩
브리더랩 롤롤 치킨&대구포 100g
2,900원
8개 구매 시 개당 2,600원
대통령배송
4.9
(549)"
바우와우 한상떡갈비 포크 80g,바우와우,"3,500원",대통령배송,"4.8
(345)",,https://dogpre.com/product/81401,https://img.funnc.com/mobile/dogpre/product/82/81401_list_L1_01637911.png,"바우와우
바우와우 한상떡갈비 포크 80g
3,500원
대통령배송
4.8
(345)"
리틀달링 어포스시 300g,리틀달링,"2,500원",대통령배송,"4.7
(376)",,https://dogpre.com/product/62791?bundleOptionId=163271,https://img.funnc.com/mobile/dogpre/product/63/62791_list_L1_01046673.png,"리틀달링
리틀달링 어포스시 300g
2,500원
5개 구매 시 개당 2,370원
대통령배송
4.7
(376)"
리틀달링 어포 사사미 300g,리틀달링,"2,500원",대통령배송,"4.8
(569)",,https://dogpre.com/product/62785?bundleOptionId=163275,https://img.funnc.com/mobile/dogpre/product/63/62785_list_L1_01156408.png,"리틀달링
리틀달링 어포 사사미 300g
2,500원
5개 구매 시 개당 2,370원
대통령배송
4.8
(569)"
프롬네이처 칠면조 슬라이스  300g,프롬네이처,"2,500원",대통령배송,"4.8
(1,135)",,https://dogpre.com/product/55407?bundleOptionId=159554,https://img.funnc.com/mobile/dogpre/product/56/55407_list_L1_7228.png,"프롬네이처
프롬네이처 칠면조 슬라이스  300g
2,500원
4개 구매 시 개당 2,400원
대통령배송
4.8
(1,135)"
프롬네이처 연어 슬라이스  300g,프롬네이처,"2,500원",대통령배송,"4.8
(1,137)",,https://dogpre.com/product/55398?bundleOptionId=159546,https://img.funnc.com/mobile/dogpre/product/56/55398_list_L1_7531.png,"프롬네이처
프롬네이처 연어 슬라이스  300g
2,500원
4개 구매 시 개당 2,400원
대통령배송
4.8
(1,137)"
프롬네이처 소고기 슬라이스  300g,프롬네이처,"2,500원",대통령배송,"4.8
(1,418)",,https://dogpre.com/product/55389?bundleOptionId=159544,https://img.funnc.com/mobile/dogpre/product/56/55389_list_L1_7612.png,"프롬네이처
프롬네이처 소고기 슬라이스  300g
2,500원
4개 구매 시 개당 2,400원
대통령배송
4.8
(1,418)"
미스터 쿡 연어 슬라이스 300g,미스터 쿡,"2,900원",대통령배송,"4.8
(3,355)",,https://dogpre.com/product/48455?bundleOptionId=158779,https://img.funnc.com/mobile/dogpre/product/49/48455_list_L1_0765.png,"미스터 쿡
미스터 쿡 연어 슬라이스 300g
2,900원
5개 구매 시 개당 2,750원
대통령배송
4.8
(3,355)"
네츄럴코어 오리 소프트 슬라이스 400g,네츄럴코어,"16,800원",대통령배송,"4.8
(1,452)",,https://dogpre.com/product/46907,https://img.funnc.com/mobile/dogpre/product/47/46907_list_L1_01767302.png,"네츄럴코어
네츄럴코어 오리 소프트 슬라이스 400g
16,800원
대통령배송
4.8
(1,452)"
네츄럴코어 치킨 소프트 슬라이스 400g,네츄럴코어,"16,800원",대통령배송,"4.8
(1,368)",,https://dogpre.com/product/46892,https://img.funnc.com/mobile/dogpre/product/47/46892_list_L1_01729716.png,"네츄럴코어
네츄럴코어 치킨 소프트 슬라이스 400g
16,800원
대통령배송
4.8
(1,368)"
포켄스 과일먹은 치즈덴탈껌 사과 100g,포켄스,"3,200원",대통령배송,"4.6
(239)",,https://dogpre.com/product/45650,https://img.funnc.com/mobile/dogpre/product/46/45650_list_L1_01277721.png,"포켄스
포켄스 과일먹은 치즈덴탈껌 사과 100g
3,200원
대통령배송
4.6
(239)"
포켄스 과일먹은 치즈덴탈껌 바나나 100g,포켄스,"3,200원",대통령배송,"4.4
(187)",,https://dogpre.com/product/45647,https://img.funnc.com/mobile/dogpre/product/46/45647_list_L1_01788699.png,"포켄스
포켄스 과일먹은 치즈덴탈껌 바나나 100g
3,200원
대통령배송
4.4
(187)"
포켄스 과일먹은 치즈덴탈껌 딸기 100g,포켄스,"3,200원",대통령배송,"4.4
(192)",,https://dogpre.com/product/45644,https://img.funnc.com/mobile/dogpre/product/46/45644_list_L1_03848518.png,"포켄스
포켄스 과일먹은 치즈덴탈껌 딸기 100g
3,200원
대통령배송
4.4
(192)"
오리사랑 오리슬라이스 400g,오리사랑,"5,000원",대통령배송,"4.7
(1,110)",,https://dogpre.com/product/22338?bundleOptionId=159510,https://img.funnc.com/mobile/dogpre/product/23/22338_list_L1_2071.png,"오리사랑
오리사랑 오리슬라이스 400g
5,000원
5개 구매 시 개당 4,750원
대통령배송
4.7
(1,110)"
오리사랑 오리연어포 400g,오리사랑,"5,000원",대통령배송,"4.6
(2,310)",,https://dogpre.com/product/22337?bundleOptionId=159512,https://img.funnc.com/mobile/dogpre/product/23/22337_list_L1_8458.png,"오리사랑
오리사랑 오리연어포 400g
5,000원
5개 구매 시 개당 4,750원
대통령배송
4.6
(2,310)"
구루머스 치킨어포 사사미 400g,구루머스,"5,200원",대통령배송,"4.8
(1,979)",,https://dogpre.com/product/18200?bundleOptionId=158777,https://img.funnc.com/mobile/dogpre/product/19/18200_list_L1_6577.png,"구루머스
구루머스 치킨어포 사사미 400g
5,200원
5개 구매 시 개당 4,940원
대통령배송
4.8
(1,979)"
구루머스 슬라이스 사사미 400g,구루머스,"5,200원",대통령배송,"4.8
(1,801)",,https://dogpre.com/product/18193?bundleOptionId=158793,https://img.funnc.com/mobile/dogpre/product/19/18193_list_L1_1759.png,"구루머스
구루머스 슬라이스 사사미 400g
5,200원
5개 구매 시 개당 4,940원
대통령배송
4.8
(1,801)"
도기맨 슬라이스 닭똥집 35g,도기맨,"3,200원",대통령배송,"4.7
(952)",,https://dogpre.com/product/900,https://img.funnc.com/mobile/dogpre/product/1/900_list_L1_01629973.jpg,"도기맨
도기맨 슬라이스 닭똥집 35g
3,200원
대통령배송
4.7
(952)"
더독 미트코트 스위트포테이토 치킨 80g,더독,"3,500원",대통령배송,"5
(11)",,https://dogpre.com/product/103745,https://img.funnc.com/mobile/dogpre/product/104/103745_list_L1_01726639.png,"품절
더독
더독 미트코트 스위트포테이토 치킨 80g
3,500원
20% 3,500원
대통령배송
5
(11)"
자연목장 쫄깃 콜라겐 육포 군고구마 500g,자연목장,"13,000원",대통령배송,"5
(2)",,https://dogpre.com/product/102415,https://img.funnc.com/mobile/dogpre/product/103/102415_list_L1_01552146.png,"품절
자연목장
자연목장 쫄깃 콜라겐 육포 군고구마 500g
13,000원
대통령배송
5
(2)"
리얼미트 소 육포 슬라이스 70g,리얼미트,"2,800원",대통령배송,"5
(59)",,https://dogpre.com/product/102164,https://img.funnc.com/mobile/dogpre/product/103/102164_list_L1_01902817.png,"품절
리얼미트
리얼미트 소 육포 슬라이스 70g
2,800원
대통령배송
5
(59)"
네츄럴코어 대구 슬라이스 30g 4묶음,네츄럴코어,"8,400원",대통령배송,"4.7
(88)",,https://dogpre.com/product/101224?bundleOptionId=221290,https://img.funnc.com/mobile/dogpre/product/102/101488_list_L1_6045.png,"품절
네츄럴코어
네츄럴코어 대구 슬라이스 30g 4묶음
8,400원
대통령배송
4.7
(88)"
네츄럴코어 대구 슬라이스 30g,네츄럴코어,"2,200원",대통령배송,"4.7
(88)",,https://dogpre.com/product/101224?bundleOptionId=221289,https://img.funnc.com/mobile/dogpre/product/102/101224_list_L1_01250013.png,"품절
네츄럴코어
네츄럴코어 대구 슬라이스 30g
2,200원
4개 구매 시 개당 2,100원
대통령배송
4.7
(88)"
네츄럴랩 수제간식 칠면조목 슬라이스 200g,네츄럴랩,"10,900원",대통령배송,"4.9
(29)",,https://dogpre.com/product/99127,https://img.funnc.com/mobile/dogpre/product/100/99127_list_L1_01305579.png,"품절
네츄럴랩
네츄럴랩 수제간식 칠면조목 슬라이스 200g
10,900원
대통령배송
4.9
(29)"
굿데이 건강한육포 오리가슴살 스틱 300g,굿데이,"11,500원",대통령배송,"4.9
(67)",,https://dogpre.com/product/99104,https://img.funnc.com/mobile/dogpre/product/100/99104_list_L1_01014519.png,"품절
굿데이
굿데이 건강한육포 오리가슴살 스틱 300g
11,500원
대통령배송
4.9
(67)"
더독 모닝키세스 덴탈껌 청포도 50개입,더독,"23,900원",무료배송,"5
(21)",,https://dogpre.com/product/98380,https://img.funnc.com/mobile/dogpre/product/99/98380_list_L1_01702402.png,"품절
더독
더독 모닝키세스 덴탈껌 청포도 50개입
23,900원
무료배송
5
(21)"
엘리야 치킨슬라이스 100g 4묶음,엘리야,"28,000원",대통령배송,"4.9
(46)",,https://dogpre.com/product/88646?bundleOptionId=185985,https://img.funnc.com/mobile/dogpre/product/98/97107_list_L1_3364.png,"품절
엘리야
엘리야 치킨슬라이스 100g 4묶음
28,000원
대통령배송
4.9
(46)"
리치즈 포크베지스틱 20개입,리치즈,"30,000원",대통령배송,"5
(17)",,https://dogpre.com/product/95705,https://img.funnc.com/mobile/dogpre/product/96/95705_list_L1_01421323.png,"품절
리치즈
리치즈 포크베지스틱 20개입
30,000원
대통령배송
5
(17)"
리치즈 포크베지핫바 20개입,리치즈,"30,000원",대통령배송,"4.9
(9)",,https://dogpre.com/product/95703,https://img.funnc.com/mobile/dogpre/product/96/95703_list_L1_01724321.png,"품절
리치즈
리치즈 포크베지핫바 20개입
30,000원
대통령배송
4.9
(9)"
마이베프 많이담은 건조간식 돼지귀 슬라이스 300g,마이베프,"10,900원",대통령배송,"4.7
(58)",,https://dogpre.com/product/94038,https://img.funnc.com/mobile/dogpre/product/95/94038_list_L1_01478865.png,"품절
마이베프
마이베프 많이담은 건조간식 돼지귀 슬라이스 300g
10,900원
대통령배송
4.7
(58)"
포켄스 과일퓨레 펫디저트 사과 7개입,포켄스,"3,900원",대통령배송,"4.8
(96)",,https://dogpre.com/product/93113,https://img.funnc.com/mobile/dogpre/product/94/93113_list_L1_01517025.png,"품절
포켄스
포켄스 과일퓨레 펫디저트 사과 7개입
3,900원
대통령배송
4.8
(96)"
포켄스 뉴트리션 트릿 미니 눈&눈물 168g,포켄스,"15,000원",대통령배송,"4.8
(51)",,https://dogpre.com/product/93109,https://img.funnc.com/mobile/dogpre/product/94/93109_list_L1_01488329.png,"품절
포켄스
포켄스 뉴트리션 트릿 미니 눈&눈물 168g
15,000원
대통령배송
4.8
(51)"
포켄스 뉴트리션 트릿 미니 관절&뼈 168g,포켄스,"15,000원",대통령배송,"4.8
(57)",,https://dogpre.com/product/93108,https://img.funnc.com/mobile/dogpre/product/94/93108_list_L1_01552234.png,"품절
포켄스
포켄스 뉴트리션 트릿 미니 관절&뼈 168g
15,000원
대통령배송
4.8
(57)"
포켄스 뉴트리션 트릿 미니 피부&피모 168g,포켄스,"15,000원",대통령배송,"4.7
(28)",,https://dogpre.com/product/93107,https://img.funnc.com/mobile/dogpre/product/94/93107_list_L1_01742653.png,"품절
포켄스
포켄스 뉴트리션 트릿 미니 피부&피모 168g
15,000원
대통령배송
4.7
(28)"
포켄스 덴티페어리 L 32개입,포켄스,"32,000원",대통령배송,"4.9
(31)",,https://dogpre.com/product/93106,https://img.funnc.com/mobile/dogpre/product/94/93106_list_L1_01404556.png,"품절
포켄스
포켄스 덴티페어리 L 32개입
32,000원
대통령배송
4.9
(31)"
포켄스 과일퓨레 펫디저트 딸기 7개입,포켄스,"3,900원",대통령배송,"4.6
(68)",,https://dogpre.com/product/92898,https://img.funnc.com/mobile/dogpre/product/93/92898_list_L1_01685128.png,"품절
포켄스
포켄스 과일퓨레 펫디저트 딸기 7개입
3,900원
대통령배송
4.6
(68)"
포켄스 과일퓨레 펫디저트 블루베리 7개입,포켄스,"3,900원",대통령배송,"4.7
(91)",,https://dogpre.com/product/92897,https://img.funnc.com/mobile/dogpre/product/93/92897_list_L1_01108871.png,"품절
포켄스
포켄스 과일퓨레 펫디저트 블루베리 7개입
3,900원
대통령배송
4.7
(91)"
페페로니 자른 육포 닭고기 70g,페페로니,"5,000원",대통령배송,"4.8
(99)",,https://dogpre.com/product/89928,https://img.funnc.com/mobile/dogpre/product/90/89928_list_L1_01418500.png,"품절
페페로니
페페로니 자른 육포 닭고기 70g
5,000원
대통령배송
4.8
(99)"
네츄럴코어 구운 치킨 슬라이스 L 70g,네츄럴코어,"2,600원",대통령배송,"4.8
(221)",,https://dogpre.com/product/88464,https://img.funnc.com/mobile/dogpre/product/89/88464_list_L1_01712882.png,"품절
네츄럴코어
네츄럴코어 구운 치킨 슬라이스 L 70g
2,600원
대통령배송
4.8
(221)"
꼬뜨 치카껌 포스 스틱 100g,꼬뜨,"5,900원",대통령배송,"4.9
(206)",,https://dogpre.com/product/80089,https://img.funnc.com/mobile/dogpre/product/81/80089_list_L1_01188619.png,"품절
꼬뜨
꼬뜨 치카껌 포스 스틱 100g
5,900원
대통령배송
4.9
(206)"
포켄스 뉴트리션 트릿 눈&눈물 800g,포켄스,"47,000원",대통령배송,"4.7
(84)",,https://dogpre.com/product/78355,https://img.funnc.com/mobile/dogpre/product/79/78355_list_L1_01507278.png,"품절
포켄스
포켄스 뉴트리션 트릿 눈&눈물 800g
47,000원
대통령배송
4.7
(84)"
포켄스 뉴트리션 트릿 관절&뼈 800g,포켄스,"47,000원",대통령배송,"4.9
(56)",,https://dogpre.com/product/78352,https://img.funnc.com/mobile/dogpre/product/79/78352_list_L1_01957282.png,"품절
포켄스
포켄스 뉴트리션 트릿 관절&뼈 800g
47,000원
대통령배송
4.9
(56)"
포켄스 덴티페어리 M 46개입,포켄스,"32,000원",대통령배송,"4.6
(2,457)",,https://dogpre.com/product/55911,https://img.funnc.com/mobile/dogpre/product/56/55911_list_L1_01161518.png,"품절
포켄스
포켄스 덴티페어리 M 46개입
32,000원
대통령배송
4.6
(2,457)"
포켄스 덴티페어리 SS 124개입,포켄스,"32,000원",대통령배송,"4.8
(2,478)",,https://dogpre.com/product/55908,https://img.funnc.com/mobile/dogpre/product/56/55908_list_L1_01456409.png,"품절
포켄스
포켄스 덴티페어리 SS 124개입
32,000원
대통령배송
4.8
(2,478)"
포켄스 덴티페어리 S 80개입,포켄스,"32,000원",대통령배송,"4.8
(5,163)",,https://dogpre.com/product/55905,https://img.funnc.com/mobile/dogpre/product/56/55905_list_L1_01944458.png,"품절
포켄스
포켄스 덴티페어리 S 80개입
32,000원
대통령배송
4.8
(5,163)"
포켄스 덴티페어리 클로로필 M 410g,포켄스,"27,000원",대통령배송,"4.7
(132)",,https://dogpre.com/product/55581,https://img.funnc.com/mobile/dogpre/product/56/55581_list_L1_01287049.png,"품절
포켄스
포켄스 덴티페어리 클로로필 M 410g
27,000원
대통령배송
4.7
(132)"
포켄스 덴티페어리 클로로필 S 410g,포켄스,"27,000원",대통령배송,"4.7
(234)",,https://dogpre.com/product/55578,https://img.funnc.com/mobile/dogpre/product/56/55578_list_L1_01952999.png,"품절
포켄스
포켄스 덴티페어리 클로로필 S 410g
27,000원
대통령배송
4.7
(234)"
포켄스 덴티페어리 클로로필 SS 410g,포켄스,"27,000원",대통령배송,"4.7
(135)",,https://dogpre.com/product/55575,https://img.funnc.com/mobile/dogpre/product/56/55575_list_L1_01431060.png,"품절
포켄스
포켄스 덴티페어리 클로로필 SS 410g
27,000원
대통령배송
4.7
(135)"
포켄스 덴티페어리 베트 S 50개입,포켄스,"44,000원",대통령배송,"4.8
(261)",,https://dogpre.com/product/45662,https://img.funnc.com/mobile/dogpre/product/46/45662_list_L1_01905940.png,"품절
포켄스
포켄스 덴티페어리 베트 S 50개입
44,000원
대통령배송
4.8
(261)"
포켄스 덴탈스틱 후레시 오메가3 큰별 220g,포켄스,"9,500원",대통령배송,"4.6
(456)",,https://dogpre.com/product/19692,https://img.funnc.com/mobile/dogpre/product/20/19692_list_L1_01297674.png,"품절
포켄스
포켄스 덴탈스틱 후레시 오메가3 큰별 220g
9,500원
대통령배송
4.6
(456)"
포켄스 덴탈스틱 후레시 오메가3 작은별 220g,포켄스,"9,500원",대통령배송,"4.6
(795)",,https://dogpre.com/product/19691,https://img.funnc.com/mobile/dogpre/product/20/19691_list_L1_01818708.png,"품절
포켄스
포켄스 덴탈스틱 후레시 오메가3 작은별 220g
9,500원
대통령배송
4.6
(795)"
포켄스 덴탈스틱 후레시 오리지날 큰별 220g,포켄스,"9,500원",대통령배송,"4.6
(577)",,https://dogpre.com/product/19688,https://img.funnc.com/mobile/dogpre/product/20/19688_list_L1_01446856.png,"품절
포켄스
포켄스 덴탈스틱 후레시 오리지날 큰별 220g
9,500원
대통령배송
4.6
(577)"
포켄스 덴탈스틱 후레시 오리지날 작은별 220g,포켄스,"9,500원",대통령배송,"4.7
(1,270)",,https://dogpre.com/product/19687,https://img.funnc.com/mobile/dogpre/product/20/19687_list_L1_01103779.png,"품절
포켄스
포켄스 덴탈스틱 후레시 오리지날 작은별 220g
9,500원
대통령배송
4.7
(1,270)"
포켄스 덴티페어리 L 75g,포켄스,"4,800원",대통령배송,"4.6
(539)",,https://dogpre.com/product/17870,https://img.funnc.com/mobile/dogpre/product/18/17870_list_L1_01500606.png,"품절
포켄스
포켄스 덴티페어리 L 75g
4,800원
대통령배송
4.6
(539)"
포켄스 덴티페어리 M 75g,포켄스,"4,800원",대통령배송,"4.6
(1,723)",,https://dogpre.com/product/17869,https://img.funnc.com/mobile/dogpre/product/18/17869_list_L1_01899695.png,"품절
포켄스
포켄스 덴티페어리 M 75g
4,800원
대통령배송
4.6
(1,723)"
포켄스 덴티페어리 S 65g,포켄스,"4,800원",대통령배송,"4.5
(3,706)",,https://dogpre.com/product/17868,https://img.funnc.com/mobile/dogpre/product/18/17868_list_L1_01559394.png,"품절
포켄스
포켄스 덴티페어리 S 65g
4,800원
대통령배송
4.5
(3,706)"
포켄스 덴티페어리 SS  65g,포켄스,"4,800원",대통령배송,"4.7
(695)",,https://dogpre.com/product/17867,https://img.funnc.com/mobile/dogpre/product/18/17867_list_L1_01790750.png,"품절
포켄스
포켄스 덴티페어리 SS  65g
4,800원
대통령배송
4.7
(695)"
