상품명,브랜드/판매자,가격,배송정보,평점정보,성분정보,링크,이미지URL,텍스트
애니펫 비타 칼슘 비스켓 100g,애니펫,"1,250원",대통령배송,"4.6
(11,749)",,https://dogpre.com/product/23020?bundleOptionId=158750,https://img.funnc.com/mobile/dogpre/product/24/23020_list_L1_01349129.png,"애니펫
애니펫 비타 칼슘 비스켓 100g
1,250원
5개 구매 시 개당 1,180원
대통령배송
4.6
(11,749)"
담무 너를 닮은 얼굴케이크 (데코 쿠키 선택),담무,"19,900원",무료배송,"4.8
(11)",,https://dogpre.com/product/101916,https://img.funnc.com/mobile/dogpre/product/102/101916_list_L1_01550082.jpg,"담무
담무 너를 닮은 얼굴케이크 (데코 쿠키 선택)
19,900원
무료배송
4.8
(11)"
구루머스 비스켓 사사미 400g 5묶음,구루머스,"24,700원",대통령배송,"4.7
(1,307)",,https://dogpre.com/product/18191?bundleOptionId=165590,https://img.funnc.com/mobile/dogpre/product/95/94181_list_L1_5859.png,"구루머스
구루머스 비스켓 사사미 400g 5묶음
24,700원
대통령배송
4.7
(1,307)"
버디펫푸드 비스켓 사사미 400g 5묶음,버디펫푸드,"21,800원",대통령배송,"4.7
(2,362)",,https://dogpre.com/product/9883?bundleOptionId=160970,https://img.funnc.com/mobile/dogpre/product/94/93268_list_L1_4686.png,"버디펫푸드
버디펫푸드 비스켓 사사미 400g 5묶음
21,800원
대통령배송
4.7
(2,362)"
애니펫 비타 칼슘 비스켓 100g 5묶음,애니펫,"5,900원",대통령배송,"4.6
(11,749)",,https://dogpre.com/product/23020?bundleOptionId=158751,https://img.funnc.com/mobile/dogpre/product/92/91947_list_L1_2146.png,"애니펫
애니펫 비타 칼슘 비스켓 100g 5묶음
5,900원
대통령배송
4.6
(11,749)"
도기맨 칼슘 비스켓 SS 850g,도기맨,"11,000원",대통령배송,"4.8
(340)",,https://dogpre.com/product/83549,https://img.funnc.com/mobile/dogpre/product/84/83549_list_L1_01688988.png,"도기맨
도기맨 칼슘 비스켓 SS 850g
11,000원
대통령배송
4.8
(340)"
바우와우 콤보비스켓 220g,바우와우,"2,800원",대통령배송,"4.7
(377)",,https://dogpre.com/product/52329?bundleOptionId=,https://img.funnc.com/mobile/dogpre/product/53/52329_list_L1_01431582.png,"바우와우
바우와우 콤보비스켓 220g
2,800원
대통령배송
4.7
(377)"
구루머스 비스켓 사사미 400g,구루머스,"5,200원",대통령배송,"4.7
(1,307)",,https://dogpre.com/product/18191?bundleOptionId=165589,https://img.funnc.com/mobile/dogpre/product/19/18191_list_L1_01605199.png,"구루머스
구루머스 비스켓 사사미 400g
5,200원
5개 구매 시 개당 4,940원
대통령배송
4.7
(1,307)"
네츄럴코어 헬로쿠키 관절강화 600g,네츄럴코어,"9,900원",대통령배송,"4.6
(4,673)",,https://dogpre.com/product/17922,https://img.funnc.com/mobile/dogpre/product/18/17922_list_L1_01509023.png,"네츄럴코어
네츄럴코어 헬로쿠키 관절강화 600g
9,900원
대통령배송
4.6
(4,673)"
버디펫푸드 비스켓 사사미 400g,버디펫푸드,"4,600원",대통령배송,"4.7
(2,362)",,https://dogpre.com/product/9883?bundleOptionId=160969,https://img.funnc.com/mobile/dogpre/product/10/9883_list_L1_8181.png,"버디펫푸드
버디펫푸드 비스켓 사사미 400g
4,600원
5개 구매 시 개당 4,360원
대통령배송
4.7
(2,362)"
자연애 후르츠링 시리얼 110g,자연애,"6,300원",대통령배송,"5
(1)",,https://dogpre.com/product/104323,https://img.funnc.com/mobile/dogpre/product/105/104323_list_L1_01188065.png,"품절
자연애
자연애 후르츠링 시리얼 110g
6,300원
대통령배송
5
(1)"
도기맨 야채 비스켓 SS 850g,도기맨,"12,000원",대통령배송,"4.8
(272)",,https://dogpre.com/product/83547,https://img.funnc.com/mobile/dogpre/product/84/83547_list_L1_01494008.png,"품절
도기맨
도기맨 야채 비스켓 SS 850g
12,000원
대통령배송
4.8
(272)"
